ISO-10303-21;
HEADER;
/* Generated by software containing ST-Developer
 * from STEP Tools, Inc. (www.steptools.com) 
 */

FILE_DESCRIPTION(
/* description */ (''),
/* implementation_level */ '2;1');

FILE_NAME(
/* name */ 'Magnetrhrer Arcylglas.step',
/* time_stamp */ '2026-08-16T15:18:02+02:00',
/* author */ (''),
/* organization */ (''),
/* preprocessor_version */ 'ST-DEVELOPER v20.1',
/* originating_system */ 'Autodesk Translation Framework v15.8.0.0',
/* authorisation */ '');

FILE_SCHEMA (('AUTOMOTIVE_DESIGN { 1 0 10303 214 3 1 1 }'));
ENDSEC;

DATA;
#10=MECHANICAL_DESIGN_GEOMETRIC_PRESENTATION_REPRESENTATION('',(#32,#33,
#34,#35,#36,#37,#38),#4222);
#11=ITEM_DEFINED_TRANSFORMATION($,$,#2544,#2783);
#12=(
REPRESENTATION_RELATIONSHIP($,$,#4233,#4232)
REPRESENTATION_RELATIONSHIP_WITH_TRANSFORMATION(#11)
SHAPE_REPRESENTATION_RELATIONSHIP()
);
#13=CONTEXT_DEPENDENT_SHAPE_REPRESENTATION(#12,#4231);
#14=NEXT_ASSEMBLY_USAGE_OCCURRENCE('Geh\X\E4use:1','Geh\X\E4use:1',
'Geh\X\E4use:1',#4235,#4236,'Geh\X\E4use:1');
#15=SHAPE_REPRESENTATION_RELATIONSHIP('SRR','None',#4233,#16);
#16=ADVANCED_BREP_SHAPE_REPRESENTATION('',(#39,#40,#41,#42,#43,#44,#45),
#4221);
#17=ELLIPSE('',#2579,34.6,19.0398448916085);
#18=ELLIPSE('',#2580,34.6,19.0398448916085);
#19=ELLIPSE('',#2581,34.6,19.0398448916085);
#20=ELLIPSE('',#2582,34.6,19.0398448916085);
#21=ELLIPSE('',#2583,34.6,19.0398448916085);
#22=ELLIPSE('',#2584,34.6,19.0398448916085);
#23=ELLIPSE('',#2585,34.6,19.0398448916085);
#24=ELLIPSE('',#2586,34.6,19.0398448916085);
#25=ELLIPSE('',#2751,7.5,3.);
#26=ELLIPSE('',#2752,7.5,3.);
#27=(
BOUNDED_SURFACE()
B_SPLINE_SURFACE(1,2,((#3629,#3630,#3631,#3632,#3633),(#3634,#3635,#3636,
#3637,#3638)),.UNSPECIFIED.,.F.,.F.,.F.)
B_SPLINE_SURFACE_WITH_KNOTS((2,2),(3,2,3),(0.,0.0578034682080926),(-2.44904132884022E-15,
1.5707963267949,3.14159265358979),.UNSPECIFIED.)
GEOMETRIC_REPRESENTATION_ITEM()
RATIONAL_B_SPLINE_SURFACE(((1.,0.707106781186547,1.,0.707106781186547,1.),
(1.,0.707106781186547,1.,0.707106781186547,1.)))
REPRESENTATION_ITEM('')
SURFACE()
);
#28=(
BOUNDED_SURFACE()
B_SPLINE_SURFACE(1,2,((#3647,#3648,#3649,#3650,#3651),(#3652,#3653,#3654,
#3655,#3656)),.UNSPECIFIED.,.F.,.F.,.F.)
B_SPLINE_SURFACE_WITH_KNOTS((2,2),(3,2,3),(-3.16203595059224E-17,0.0578034682080925),
(0.,1.5707963267949,3.14159265358979),.UNSPECIFIED.)
GEOMETRIC_REPRESENTATION_ITEM()
RATIONAL_B_SPLINE_SURFACE(((1.,0.707106781186548,1.,0.707106781186548,1.),
(1.,0.707106781186548,1.,0.707106781186548,1.)))
REPRESENTATION_ITEM('')
SURFACE()
);
#29=(
BOUNDED_SURFACE()
B_SPLINE_SURFACE(1,2,((#3665,#3666,#3667,#3668,#3669),(#3670,#3671,#3672,
#3673,#3674)),.UNSPECIFIED.,.F.,.F.,.F.)
B_SPLINE_SURFACE_WITH_KNOTS((2,2),(3,2,3),(0.,0.0578034682080926),(-6.88063992388443E-15,
1.57079632679489,3.14159265358979),.UNSPECIFIED.)
GEOMETRIC_REPRESENTATION_ITEM()
RATIONAL_B_SPLINE_SURFACE(((1.,0.707106781186546,1.,0.707106781186546,1.),
(1.,0.707106781186546,1.,0.707106781186546,1.)))
REPRESENTATION_ITEM('')
SURFACE()
);
#30=(
BOUNDED_SURFACE()
B_SPLINE_SURFACE(1,2,((#3683,#3684,#3685,#3686,#3687),(#3688,#3689,#3690,
#3691,#3692)),.UNSPECIFIED.,.F.,.F.,.F.)
B_SPLINE_SURFACE_WITH_KNOTS((2,2),(3,2,3),(-9.58718679923673E-18,0.0578034682080926),
(-6.53077687690725E-15,1.57079632679489,3.14159265358979),.UNSPECIFIED.)
GEOMETRIC_REPRESENTATION_ITEM()
RATIONAL_B_SPLINE_SURFACE(((1.,0.707106781186546,1.,0.707106781186546,1.),
(1.,0.707106781186546,1.,0.707106781186546,1.)))
REPRESENTATION_ITEM('')
SURFACE()
);
#31=(
BOUNDED_SURFACE()
B_SPLINE_SURFACE(1,2,((#4119,#4120,#4121,#4122,#4123,#4124,#4125,#4126,
#4127),(#4128,#4129,#4130,#4131,#4132,#4133,#4134,#4135,#4136)),
 .UNSPECIFIED.,.F.,.T.,.F.)
B_SPLINE_SURFACE_WITH_KNOTS((2,2),(3,2,2,2,3),(-6.28036983473502E-15,0.266666666666662),
(-3.14159265358979,-1.5707963267949,0.,1.5707963267949,3.14159265358979),
 .UNSPECIFIED.)
GEOMETRIC_REPRESENTATION_ITEM()
RATIONAL_B_SPLINE_SURFACE(((1.,0.707106781186548,1.,0.707106781186548,1.,
0.707106781186548,1.,0.707106781186548,1.),(1.,0.707106781186548,1.,0.707106781186548,
1.,0.707106781186548,1.,0.707106781186548,1.)))
REPRESENTATION_ITEM('')
SURFACE()
);
#32=STYLED_ITEM('',(#4249),#39);
#33=STYLED_ITEM('',(#4249),#40);
#34=STYLED_ITEM('',(#4249),#41);
#35=STYLED_ITEM('',(#4249),#42);
#36=STYLED_ITEM('',(#4249),#43);
#37=STYLED_ITEM('',(#4249),#44);
#38=STYLED_ITEM('',(#4249),#45);
#39=MANIFOLD_SOLID_BREP('Oben',#2524);
#40=MANIFOLD_SOLID_BREP('Motor Nema',#2525);
#41=MANIFOLD_SOLID_BREP('Unten (1)',#2526);
#42=MANIFOLD_SOLID_BREP('Display',#2527);
#43=MANIFOLD_SOLID_BREP('L\X\FCfter',#2528);
#44=MANIFOLD_SOLID_BREP('Rechts',#2529);
#45=MANIFOLD_SOLID_BREP('Links',#2530);
#46=FACE_BOUND('',#470,.T.);
#47=FACE_BOUND('',#471,.T.);
#48=FACE_BOUND('',#472,.T.);
#49=FACE_BOUND('',#473,.T.);
#50=FACE_BOUND('',#475,.T.);
#51=FACE_BOUND('',#476,.T.);
#52=FACE_BOUND('',#477,.T.);
#53=FACE_BOUND('',#478,.T.);
#54=FACE_BOUND('',#490,.T.);
#55=FACE_BOUND('',#491,.T.);
#56=FACE_BOUND('',#492,.T.);
#57=FACE_BOUND('',#493,.T.);
#58=FACE_BOUND('',#494,.T.);
#59=FACE_BOUND('',#495,.T.);
#60=FACE_BOUND('',#496,.T.);
#61=FACE_BOUND('',#497,.T.);
#62=FACE_BOUND('',#498,.T.);
#63=FACE_BOUND('',#500,.T.);
#64=FACE_BOUND('',#501,.T.);
#65=FACE_BOUND('',#502,.T.);
#66=FACE_BOUND('',#503,.T.);
#67=FACE_BOUND('',#504,.T.);
#68=FACE_BOUND('',#505,.T.);
#69=FACE_BOUND('',#506,.T.);
#70=FACE_BOUND('',#507,.T.);
#71=FACE_BOUND('',#508,.T.);
#72=FACE_BOUND('',#529,.T.);
#73=FACE_BOUND('',#530,.T.);
#74=FACE_BOUND('',#531,.T.);
#75=FACE_BOUND('',#532,.T.);
#76=FACE_BOUND('',#534,.T.);
#77=FACE_BOUND('',#535,.T.);
#78=FACE_BOUND('',#536,.T.);
#79=FACE_BOUND('',#537,.T.);
#80=FACE_BOUND('',#557,.T.);
#81=FACE_BOUND('',#558,.T.);
#82=FACE_BOUND('',#559,.T.);
#83=FACE_BOUND('',#560,.T.);
#84=FACE_BOUND('',#561,.T.);
#85=FACE_BOUND('',#562,.T.);
#86=FACE_BOUND('',#563,.T.);
#87=FACE_BOUND('',#564,.T.);
#88=FACE_BOUND('',#565,.T.);
#89=FACE_BOUND('',#566,.T.);
#90=FACE_BOUND('',#567,.T.);
#91=FACE_BOUND('',#569,.T.);
#92=FACE_BOUND('',#570,.T.);
#93=FACE_BOUND('',#571,.T.);
#94=FACE_BOUND('',#572,.T.);
#95=FACE_BOUND('',#573,.T.);
#96=FACE_BOUND('',#574,.T.);
#97=FACE_BOUND('',#575,.T.);
#98=FACE_BOUND('',#576,.T.);
#99=FACE_BOUND('',#577,.T.);
#100=FACE_BOUND('',#578,.T.);
#101=FACE_BOUND('',#579,.T.);
#102=FACE_BOUND('',#595,.T.);
#103=FACE_BOUND('',#596,.T.);
#104=FACE_BOUND('',#597,.T.);
#105=FACE_BOUND('',#598,.T.);
#106=FACE_BOUND('',#599,.T.);
#107=FACE_BOUND('',#600,.T.);
#108=FACE_BOUND('',#601,.T.);
#109=FACE_BOUND('',#602,.T.);
#110=FACE_BOUND('',#603,.T.);
#111=FACE_BOUND('',#604,.T.);
#112=FACE_BOUND('',#606,.T.);
#113=FACE_BOUND('',#607,.T.);
#114=FACE_BOUND('',#608,.T.);
#115=FACE_BOUND('',#609,.T.);
#116=FACE_BOUND('',#610,.T.);
#117=FACE_BOUND('',#611,.T.);
#118=FACE_BOUND('',#612,.T.);
#119=FACE_BOUND('',#613,.T.);
#120=FACE_BOUND('',#614,.T.);
#121=FACE_BOUND('',#615,.T.);
#122=FACE_BOUND('',#625,.T.);
#123=FACE_BOUND('',#626,.T.);
#124=FACE_BOUND('',#627,.T.);
#125=FACE_BOUND('',#628,.T.);
#126=FACE_BOUND('',#630,.T.);
#127=FACE_BOUND('',#631,.T.);
#128=FACE_BOUND('',#632,.T.);
#129=FACE_BOUND('',#633,.T.);
#130=FACE_BOUND('',#653,.T.);
#131=FACE_BOUND('',#654,.T.);
#132=FACE_BOUND('',#655,.T.);
#133=FACE_BOUND('',#656,.T.);
#134=FACE_BOUND('',#657,.T.);
#135=FACE_BOUND('',#658,.T.);
#136=FACE_BOUND('',#659,.T.);
#137=FACE_BOUND('',#660,.T.);
#138=FACE_BOUND('',#661,.T.);
#139=FACE_BOUND('',#662,.T.);
#140=FACE_BOUND('',#663,.T.);
#141=FACE_BOUND('',#664,.T.);
#142=FACE_BOUND('',#665,.T.);
#143=FACE_BOUND('',#666,.T.);
#144=FACE_BOUND('',#668,.T.);
#145=FACE_BOUND('',#669,.T.);
#146=FACE_BOUND('',#670,.T.);
#147=FACE_BOUND('',#671,.T.);
#148=FACE_BOUND('',#672,.T.);
#149=FACE_BOUND('',#673,.T.);
#150=FACE_BOUND('',#674,.T.);
#151=FACE_BOUND('',#675,.T.);
#152=FACE_BOUND('',#676,.T.);
#153=FACE_BOUND('',#677,.T.);
#154=FACE_BOUND('',#678,.T.);
#155=FACE_BOUND('',#679,.T.);
#156=FACE_BOUND('',#680,.T.);
#157=FACE_BOUND('',#681,.T.);
#158=CIRCLE('',#2566,1.625);
#159=CIRCLE('',#2567,1.625);
#160=CIRCLE('',#2569,1.625);
#161=CIRCLE('',#2570,1.625);
#162=CIRCLE('',#2572,1.625);
#163=CIRCLE('',#2573,1.625);
#164=CIRCLE('',#2575,1.625);
#165=CIRCLE('',#2576,1.625);
#166=CIRCLE('',#2594,1.75);
#167=CIRCLE('',#2595,1.75);
#168=CIRCLE('',#2596,1.75);
#169=CIRCLE('',#2597,1.75);
#170=CIRCLE('',#2598,1.625);
#171=CIRCLE('',#2599,1.625);
#172=CIRCLE('',#2600,1.625);
#173=CIRCLE('',#2601,1.625);
#174=CIRCLE('',#2602,12.);
#175=CIRCLE('',#2604,1.75);
#176=CIRCLE('',#2605,1.75);
#177=CIRCLE('',#2606,1.75);
#178=CIRCLE('',#2607,1.75);
#179=CIRCLE('',#2608,1.625);
#180=CIRCLE('',#2609,1.625);
#181=CIRCLE('',#2610,1.625);
#182=CIRCLE('',#2611,1.625);
#183=CIRCLE('',#2612,12.);
#184=CIRCLE('',#2625,1.625);
#185=CIRCLE('',#2626,1.625);
#186=CIRCLE('',#2628,1.625);
#187=CIRCLE('',#2629,1.625);
#188=CIRCLE('',#2631,1.625);
#189=CIRCLE('',#2632,1.625);
#190=CIRCLE('',#2634,1.625);
#191=CIRCLE('',#2635,1.625);
#192=CIRCLE('',#2643,3.5);
#193=CIRCLE('',#2644,3.5);
#194=CIRCLE('',#2646,3.);
#195=CIRCLE('',#2647,3.);
#196=CIRCLE('',#2649,1.75);
#197=CIRCLE('',#2650,1.75);
#198=CIRCLE('',#2652,1.75);
#199=CIRCLE('',#2653,1.75);
#200=CIRCLE('',#2655,1.75);
#201=CIRCLE('',#2656,1.75);
#202=CIRCLE('',#2658,1.75);
#203=CIRCLE('',#2659,1.75);
#204=CIRCLE('',#2661,1.75);
#205=CIRCLE('',#2662,1.75);
#206=CIRCLE('',#2664,1.75);
#207=CIRCLE('',#2665,1.75);
#208=CIRCLE('',#2667,1.75);
#209=CIRCLE('',#2668,1.75);
#210=CIRCLE('',#2674,1.75);
#211=CIRCLE('',#2675,1.75);
#212=CIRCLE('',#2683,1.75);
#213=CIRCLE('',#2684,1.75);
#214=CIRCLE('',#2686,1.75);
#215=CIRCLE('',#2687,1.75);
#216=CIRCLE('',#2689,4.);
#217=CIRCLE('',#2690,4.);
#218=CIRCLE('',#2692,1.75);
#219=CIRCLE('',#2693,1.75);
#220=CIRCLE('',#2695,1.75);
#221=CIRCLE('',#2696,1.75);
#222=CIRCLE('',#2698,19.);
#223=CIRCLE('',#2699,19.);
#224=CIRCLE('',#2701,1.75);
#225=CIRCLE('',#2702,1.75);
#226=CIRCLE('',#2704,1.75);
#227=CIRCLE('',#2705,1.75);
#228=CIRCLE('',#2707,1.75);
#229=CIRCLE('',#2708,1.75);
#230=CIRCLE('',#2710,1.75);
#231=CIRCLE('',#2711,1.75);
#232=CIRCLE('',#2719,1.75);
#233=CIRCLE('',#2720,1.75);
#234=CIRCLE('',#2722,1.75);
#235=CIRCLE('',#2723,1.75);
#236=CIRCLE('',#2725,1.75);
#237=CIRCLE('',#2726,1.75);
#238=CIRCLE('',#2728,1.75);
#239=CIRCLE('',#2729,1.75);
#240=CIRCLE('',#2737,19.);
#241=CIRCLE('',#2738,19.);
#242=CIRCLE('',#2740,1.75);
#243=CIRCLE('',#2741,1.75);
#244=CIRCLE('',#2743,1.5875);
#245=CIRCLE('',#2744,1.5875);
#246=CIRCLE('',#2746,1.5875);
#247=CIRCLE('',#2747,1.5875);
#248=CIRCLE('',#2749,1.75);
#249=CIRCLE('',#2750,1.75);
#250=CIRCLE('',#2754,1.5875);
#251=CIRCLE('',#2755,1.5875);
#252=CIRCLE('',#2757,1.75);
#253=CIRCLE('',#2758,1.75);
#254=CIRCLE('',#2760,1.75);
#255=CIRCLE('',#2761,1.75);
#256=CIRCLE('',#2763,1.5875);
#257=CIRCLE('',#2764,1.5875);
#258=CIRCLE('',#2766,1.75);
#259=CIRCLE('',#2767,1.75);
#260=CIRCLE('',#2769,1.75);
#261=CIRCLE('',#2770,1.75);
#262=CIRCLE('',#2772,1.75);
#263=CIRCLE('',#2773,1.75);
#264=CIRCLE('',#2775,1.75);
#265=CIRCLE('',#2776,1.75);
#266=CYLINDRICAL_SURFACE('',#2565,1.625);
#267=CYLINDRICAL_SURFACE('',#2568,1.625);
#268=CYLINDRICAL_SURFACE('',#2571,1.625);
#269=CYLINDRICAL_SURFACE('',#2574,1.625);
#270=CYLINDRICAL_SURFACE('',#2615,1.75);
#271=CYLINDRICAL_SURFACE('',#2616,1.75);
#272=CYLINDRICAL_SURFACE('',#2617,1.75);
#273=CYLINDRICAL_SURFACE('',#2618,1.75);
#274=CYLINDRICAL_SURFACE('',#2619,12.);
#275=CYLINDRICAL_SURFACE('',#2620,1.625);
#276=CYLINDRICAL_SURFACE('',#2621,1.625);
#277=CYLINDRICAL_SURFACE('',#2622,1.625);
#278=CYLINDRICAL_SURFACE('',#2623,1.625);
#279=CYLINDRICAL_SURFACE('',#2624,1.625);
#280=CYLINDRICAL_SURFACE('',#2627,1.625);
#281=CYLINDRICAL_SURFACE('',#2630,1.625);
#282=CYLINDRICAL_SURFACE('',#2633,1.625);
#283=CYLINDRICAL_SURFACE('',#2642,3.5);
#284=CYLINDRICAL_SURFACE('',#2645,3.);
#285=CYLINDRICAL_SURFACE('',#2648,1.75);
#286=CYLINDRICAL_SURFACE('',#2651,1.75);
#287=CYLINDRICAL_SURFACE('',#2654,1.75);
#288=CYLINDRICAL_SURFACE('',#2657,1.75);
#289=CYLINDRICAL_SURFACE('',#2660,1.75);
#290=CYLINDRICAL_SURFACE('',#2663,1.75);
#291=CYLINDRICAL_SURFACE('',#2666,1.75);
#292=CYLINDRICAL_SURFACE('',#2673,1.75);
#293=CYLINDRICAL_SURFACE('',#2682,1.75);
#294=CYLINDRICAL_SURFACE('',#2685,1.75);
#295=CYLINDRICAL_SURFACE('',#2688,4.);
#296=CYLINDRICAL_SURFACE('',#2691,1.75);
#297=CYLINDRICAL_SURFACE('',#2694,1.75);
#298=CYLINDRICAL_SURFACE('',#2697,19.);
#299=CYLINDRICAL_SURFACE('',#2700,1.75);
#300=CYLINDRICAL_SURFACE('',#2703,1.75);
#301=CYLINDRICAL_SURFACE('',#2706,1.75);
#302=CYLINDRICAL_SURFACE('',#2709,1.75);
#303=CYLINDRICAL_SURFACE('',#2718,1.75);
#304=CYLINDRICAL_SURFACE('',#2721,1.75);
#305=CYLINDRICAL_SURFACE('',#2724,1.75);
#306=CYLINDRICAL_SURFACE('',#2727,1.75);
#307=CYLINDRICAL_SURFACE('',#2736,19.);
#308=CYLINDRICAL_SURFACE('',#2739,1.75);
#309=CYLINDRICAL_SURFACE('',#2742,1.5875);
#310=CYLINDRICAL_SURFACE('',#2745,1.5875);
#311=CYLINDRICAL_SURFACE('',#2748,1.75);
#312=CYLINDRICAL_SURFACE('',#2753,1.5875);
#313=CYLINDRICAL_SURFACE('',#2756,1.75);
#314=CYLINDRICAL_SURFACE('',#2759,1.75);
#315=CYLINDRICAL_SURFACE('',#2762,1.5875);
#316=CYLINDRICAL_SURFACE('',#2765,1.75);
#317=CYLINDRICAL_SURFACE('',#2768,1.75);
#318=CYLINDRICAL_SURFACE('',#2771,1.75);
#319=CYLINDRICAL_SURFACE('',#2774,1.75);
#320=FACE_OUTER_BOUND('',#445,.T.);
#321=FACE_OUTER_BOUND('',#446,.T.);
#322=FACE_OUTER_BOUND('',#447,.T.);
#323=FACE_OUTER_BOUND('',#448,.T.);
#324=FACE_OUTER_BOUND('',#449,.T.);
#325=FACE_OUTER_BOUND('',#450,.T.);
#326=FACE_OUTER_BOUND('',#451,.T.);
#327=FACE_OUTER_BOUND('',#452,.T.);
#328=FACE_OUTER_BOUND('',#453,.T.);
#329=FACE_OUTER_BOUND('',#454,.T.);
#330=FACE_OUTER_BOUND('',#455,.T.);
#331=FACE_OUTER_BOUND('',#456,.T.);
#332=FACE_OUTER_BOUND('',#457,.T.);
#333=FACE_OUTER_BOUND('',#458,.T.);
#334=FACE_OUTER_BOUND('',#459,.T.);
#335=FACE_OUTER_BOUND('',#460,.T.);
#336=FACE_OUTER_BOUND('',#461,.T.);
#337=FACE_OUTER_BOUND('',#462,.T.);
#338=FACE_OUTER_BOUND('',#463,.T.);
#339=FACE_OUTER_BOUND('',#464,.T.);
#340=FACE_OUTER_BOUND('',#465,.T.);
#341=FACE_OUTER_BOUND('',#466,.T.);
#342=FACE_OUTER_BOUND('',#467,.T.);
#343=FACE_OUTER_BOUND('',#468,.T.);
#344=FACE_OUTER_BOUND('',#469,.T.);
#345=FACE_OUTER_BOUND('',#474,.T.);
#346=FACE_OUTER_BOUND('',#479,.T.);
#347=FACE_OUTER_BOUND('',#480,.T.);
#348=FACE_OUTER_BOUND('',#481,.T.);
#349=FACE_OUTER_BOUND('',#482,.T.);
#350=FACE_OUTER_BOUND('',#483,.T.);
#351=FACE_OUTER_BOUND('',#484,.T.);
#352=FACE_OUTER_BOUND('',#485,.T.);
#353=FACE_OUTER_BOUND('',#486,.T.);
#354=FACE_OUTER_BOUND('',#487,.T.);
#355=FACE_OUTER_BOUND('',#488,.T.);
#356=FACE_OUTER_BOUND('',#489,.T.);
#357=FACE_OUTER_BOUND('',#499,.T.);
#358=FACE_OUTER_BOUND('',#509,.T.);
#359=FACE_OUTER_BOUND('',#510,.T.);
#360=FACE_OUTER_BOUND('',#511,.T.);
#361=FACE_OUTER_BOUND('',#512,.T.);
#362=FACE_OUTER_BOUND('',#513,.T.);
#363=FACE_OUTER_BOUND('',#514,.T.);
#364=FACE_OUTER_BOUND('',#515,.T.);
#365=FACE_OUTER_BOUND('',#516,.T.);
#366=FACE_OUTER_BOUND('',#517,.T.);
#367=FACE_OUTER_BOUND('',#518,.T.);
#368=FACE_OUTER_BOUND('',#519,.T.);
#369=FACE_OUTER_BOUND('',#520,.T.);
#370=FACE_OUTER_BOUND('',#521,.T.);
#371=FACE_OUTER_BOUND('',#522,.T.);
#372=FACE_OUTER_BOUND('',#523,.T.);
#373=FACE_OUTER_BOUND('',#524,.T.);
#374=FACE_OUTER_BOUND('',#525,.T.);
#375=FACE_OUTER_BOUND('',#526,.T.);
#376=FACE_OUTER_BOUND('',#527,.T.);
#377=FACE_OUTER_BOUND('',#528,.T.);
#378=FACE_OUTER_BOUND('',#533,.T.);
#379=FACE_OUTER_BOUND('',#538,.T.);
#380=FACE_OUTER_BOUND('',#539,.T.);
#381=FACE_OUTER_BOUND('',#540,.T.);
#382=FACE_OUTER_BOUND('',#541,.T.);
#383=FACE_OUTER_BOUND('',#542,.T.);
#384=FACE_OUTER_BOUND('',#543,.T.);
#385=FACE_OUTER_BOUND('',#544,.T.);
#386=FACE_OUTER_BOUND('',#545,.T.);
#387=FACE_OUTER_BOUND('',#546,.T.);
#388=FACE_OUTER_BOUND('',#547,.T.);
#389=FACE_OUTER_BOUND('',#548,.T.);
#390=FACE_OUTER_BOUND('',#549,.T.);
#391=FACE_OUTER_BOUND('',#550,.T.);
#392=FACE_OUTER_BOUND('',#551,.T.);
#393=FACE_OUTER_BOUND('',#552,.T.);
#394=FACE_OUTER_BOUND('',#553,.T.);
#395=FACE_OUTER_BOUND('',#554,.T.);
#396=FACE_OUTER_BOUND('',#555,.T.);
#397=FACE_OUTER_BOUND('',#556,.T.);
#398=FACE_OUTER_BOUND('',#568,.T.);
#399=FACE_OUTER_BOUND('',#580,.T.);
#400=FACE_OUTER_BOUND('',#581,.T.);
#401=FACE_OUTER_BOUND('',#582,.T.);
#402=FACE_OUTER_BOUND('',#583,.T.);
#403=FACE_OUTER_BOUND('',#584,.T.);
#404=FACE_OUTER_BOUND('',#585,.T.);
#405=FACE_OUTER_BOUND('',#586,.T.);
#406=FACE_OUTER_BOUND('',#587,.T.);
#407=FACE_OUTER_BOUND('',#588,.T.);
#408=FACE_OUTER_BOUND('',#589,.T.);
#409=FACE_OUTER_BOUND('',#590,.T.);
#410=FACE_OUTER_BOUND('',#591,.T.);
#411=FACE_OUTER_BOUND('',#592,.T.);
#412=FACE_OUTER_BOUND('',#593,.T.);
#413=FACE_OUTER_BOUND('',#594,.T.);
#414=FACE_OUTER_BOUND('',#605,.T.);
#415=FACE_OUTER_BOUND('',#616,.T.);
#416=FACE_OUTER_BOUND('',#617,.T.);
#417=FACE_OUTER_BOUND('',#618,.T.);
#418=FACE_OUTER_BOUND('',#619,.T.);
#419=FACE_OUTER_BOUND('',#620,.T.);
#420=FACE_OUTER_BOUND('',#621,.T.);
#421=FACE_OUTER_BOUND('',#622,.T.);
#422=FACE_OUTER_BOUND('',#623,.T.);
#423=FACE_OUTER_BOUND('',#624,.T.);
#424=FACE_OUTER_BOUND('',#629,.T.);
#425=FACE_OUTER_BOUND('',#634,.T.);
#426=FACE_OUTER_BOUND('',#635,.T.);
#427=FACE_OUTER_BOUND('',#636,.T.);
#428=FACE_OUTER_BOUND('',#637,.T.);
#429=FACE_OUTER_BOUND('',#638,.T.);
#430=FACE_OUTER_BOUND('',#639,.T.);
#431=FACE_OUTER_BOUND('',#640,.T.);
#432=FACE_OUTER_BOUND('',#641,.T.);
#433=FACE_OUTER_BOUND('',#642,.T.);
#434=FACE_OUTER_BOUND('',#643,.T.);
#435=FACE_OUTER_BOUND('',#644,.T.);
#436=FACE_OUTER_BOUND('',#645,.T.);
#437=FACE_OUTER_BOUND('',#646,.T.);
#438=FACE_OUTER_BOUND('',#647,.T.);
#439=FACE_OUTER_BOUND('',#648,.T.);
#440=FACE_OUTER_BOUND('',#649,.T.);
#441=FACE_OUTER_BOUND('',#650,.T.);
#442=FACE_OUTER_BOUND('',#651,.T.);
#443=FACE_OUTER_BOUND('',#652,.T.);
#444=FACE_OUTER_BOUND('',#667,.T.);
#445=EDGE_LOOP('',(#1667,#1668,#1669,#1670));
#446=EDGE_LOOP('',(#1671,#1672,#1673,#1674));
#447=EDGE_LOOP('',(#1675,#1676,#1677,#1678));
#448=EDGE_LOOP('',(#1679,#1680,#1681,#1682));
#449=EDGE_LOOP('',(#1683,#1684,#1685,#1686));
#450=EDGE_LOOP('',(#1687,#1688,#1689,#1690));
#451=EDGE_LOOP('',(#1691,#1692,#1693,#1694));
#452=EDGE_LOOP('',(#1695,#1696,#1697,#1698));
#453=EDGE_LOOP('',(#1699,#1700,#1701,#1702));
#454=EDGE_LOOP('',(#1703,#1704,#1705,#1706));
#455=EDGE_LOOP('',(#1707,#1708,#1709,#1710));
#456=EDGE_LOOP('',(#1711,#1712,#1713,#1714));
#457=EDGE_LOOP('',(#1715,#1716,#1717,#1718));
#458=EDGE_LOOP('',(#1719,#1720,#1721,#1722));
#459=EDGE_LOOP('',(#1723,#1724,#1725,#1726));
#460=EDGE_LOOP('',(#1727,#1728,#1729,#1730));
#461=EDGE_LOOP('',(#1731,#1732,#1733,#1734));
#462=EDGE_LOOP('',(#1735,#1736,#1737,#1738));
#463=EDGE_LOOP('',(#1739,#1740,#1741,#1742));
#464=EDGE_LOOP('',(#1743,#1744,#1745,#1746));
#465=EDGE_LOOP('',(#1747,#1748,#1749,#1750));
#466=EDGE_LOOP('',(#1751,#1752,#1753,#1754));
#467=EDGE_LOOP('',(#1755,#1756,#1757,#1758));
#468=EDGE_LOOP('',(#1759,#1760,#1761,#1762));
#469=EDGE_LOOP('',(#1763,#1764,#1765,#1766,#1767,#1768,#1769,#1770,#1771,
#1772,#1773,#1774,#1775,#1776,#1777,#1778,#1779,#1780,#1781,#1782));
#470=EDGE_LOOP('',(#1783));
#471=EDGE_LOOP('',(#1784));
#472=EDGE_LOOP('',(#1785));
#473=EDGE_LOOP('',(#1786));
#474=EDGE_LOOP('',(#1787,#1788,#1789,#1790,#1791,#1792,#1793,#1794,#1795,
#1796,#1797,#1798,#1799,#1800,#1801,#1802,#1803,#1804,#1805,#1806));
#475=EDGE_LOOP('',(#1807));
#476=EDGE_LOOP('',(#1808));
#477=EDGE_LOOP('',(#1809));
#478=EDGE_LOOP('',(#1810));
#479=EDGE_LOOP('',(#1811,#1812,#1813,#1814));
#480=EDGE_LOOP('',(#1815,#1816,#1817,#1818));
#481=EDGE_LOOP('',(#1819,#1820,#1821,#1822));
#482=EDGE_LOOP('',(#1823,#1824,#1825,#1826));
#483=EDGE_LOOP('',(#1827,#1828,#1829,#1830));
#484=EDGE_LOOP('',(#1831,#1832,#1833,#1834));
#485=EDGE_LOOP('',(#1835,#1836,#1837,#1838));
#486=EDGE_LOOP('',(#1839,#1840,#1841,#1842));
#487=EDGE_LOOP('',(#1843,#1844,#1845,#1846));
#488=EDGE_LOOP('',(#1847,#1848,#1849,#1850));
#489=EDGE_LOOP('',(#1851,#1852,#1853,#1854,#1855,#1856,#1857,#1858,#1859,
#1860,#1861,#1862));
#490=EDGE_LOOP('',(#1863));
#491=EDGE_LOOP('',(#1864));
#492=EDGE_LOOP('',(#1865));
#493=EDGE_LOOP('',(#1866));
#494=EDGE_LOOP('',(#1867));
#495=EDGE_LOOP('',(#1868));
#496=EDGE_LOOP('',(#1869));
#497=EDGE_LOOP('',(#1870));
#498=EDGE_LOOP('',(#1871));
#499=EDGE_LOOP('',(#1872,#1873,#1874,#1875,#1876,#1877,#1878,#1879,#1880,
#1881,#1882,#1883));
#500=EDGE_LOOP('',(#1884));
#501=EDGE_LOOP('',(#1885));
#502=EDGE_LOOP('',(#1886));
#503=EDGE_LOOP('',(#1887));
#504=EDGE_LOOP('',(#1888));
#505=EDGE_LOOP('',(#1889));
#506=EDGE_LOOP('',(#1890));
#507=EDGE_LOOP('',(#1891));
#508=EDGE_LOOP('',(#1892));
#509=EDGE_LOOP('',(#1893,#1894,#1895,#1896));
#510=EDGE_LOOP('',(#1897,#1898,#1899,#1900));
#511=EDGE_LOOP('',(#1901,#1902,#1903,#1904));
#512=EDGE_LOOP('',(#1905,#1906,#1907,#1908));
#513=EDGE_LOOP('',(#1909,#1910,#1911,#1912));
#514=EDGE_LOOP('',(#1913,#1914,#1915,#1916));
#515=EDGE_LOOP('',(#1917,#1918,#1919,#1920));
#516=EDGE_LOOP('',(#1921,#1922,#1923,#1924));
#517=EDGE_LOOP('',(#1925,#1926,#1927,#1928));
#518=EDGE_LOOP('',(#1929,#1930,#1931,#1932));
#519=EDGE_LOOP('',(#1933,#1934,#1935,#1936));
#520=EDGE_LOOP('',(#1937,#1938,#1939,#1940));
#521=EDGE_LOOP('',(#1941,#1942,#1943,#1944));
#522=EDGE_LOOP('',(#1945,#1946,#1947,#1948));
#523=EDGE_LOOP('',(#1949,#1950,#1951,#1952));
#524=EDGE_LOOP('',(#1953,#1954,#1955,#1956));
#525=EDGE_LOOP('',(#1957,#1958,#1959,#1960));
#526=EDGE_LOOP('',(#1961,#1962,#1963,#1964));
#527=EDGE_LOOP('',(#1965,#1966,#1967,#1968));
#528=EDGE_LOOP('',(#1969,#1970,#1971,#1972));
#529=EDGE_LOOP('',(#1973));
#530=EDGE_LOOP('',(#1974));
#531=EDGE_LOOP('',(#1975));
#532=EDGE_LOOP('',(#1976));
#533=EDGE_LOOP('',(#1977,#1978,#1979,#1980));
#534=EDGE_LOOP('',(#1981));
#535=EDGE_LOOP('',(#1982));
#536=EDGE_LOOP('',(#1983));
#537=EDGE_LOOP('',(#1984));
#538=EDGE_LOOP('',(#1985,#1986,#1987,#1988));
#539=EDGE_LOOP('',(#1989,#1990,#1991,#1992));
#540=EDGE_LOOP('',(#1993,#1994,#1995,#1996));
#541=EDGE_LOOP('',(#1997,#1998,#1999,#2000));
#542=EDGE_LOOP('',(#2001,#2002,#2003,#2004));
#543=EDGE_LOOP('',(#2005,#2006,#2007,#2008));
#544=EDGE_LOOP('',(#2009,#2010,#2011,#2012));
#545=EDGE_LOOP('',(#2013,#2014,#2015,#2016));
#546=EDGE_LOOP('',(#2017,#2018,#2019,#2020));
#547=EDGE_LOOP('',(#2021,#2022,#2023,#2024));
#548=EDGE_LOOP('',(#2025,#2026,#2027,#2028));
#549=EDGE_LOOP('',(#2029,#2030,#2031,#2032));
#550=EDGE_LOOP('',(#2033,#2034,#2035,#2036));
#551=EDGE_LOOP('',(#2037,#2038,#2039,#2040));
#552=EDGE_LOOP('',(#2041,#2042,#2043,#2044));
#553=EDGE_LOOP('',(#2045,#2046,#2047,#2048));
#554=EDGE_LOOP('',(#2049,#2050,#2051,#2052));
#555=EDGE_LOOP('',(#2053,#2054,#2055,#2056));
#556=EDGE_LOOP('',(#2057,#2058,#2059,#2060));
#557=EDGE_LOOP('',(#2061));
#558=EDGE_LOOP('',(#2062));
#559=EDGE_LOOP('',(#2063));
#560=EDGE_LOOP('',(#2064));
#561=EDGE_LOOP('',(#2065));
#562=EDGE_LOOP('',(#2066));
#563=EDGE_LOOP('',(#2067));
#564=EDGE_LOOP('',(#2068,#2069,#2070,#2071));
#565=EDGE_LOOP('',(#2072));
#566=EDGE_LOOP('',(#2073));
#567=EDGE_LOOP('',(#2074));
#568=EDGE_LOOP('',(#2075,#2076,#2077,#2078));
#569=EDGE_LOOP('',(#2079));
#570=EDGE_LOOP('',(#2080));
#571=EDGE_LOOP('',(#2081));
#572=EDGE_LOOP('',(#2082));
#573=EDGE_LOOP('',(#2083));
#574=EDGE_LOOP('',(#2084));
#575=EDGE_LOOP('',(#2085));
#576=EDGE_LOOP('',(#2086,#2087,#2088,#2089));
#577=EDGE_LOOP('',(#2090));
#578=EDGE_LOOP('',(#2091));
#579=EDGE_LOOP('',(#2092));
#580=EDGE_LOOP('',(#2093,#2094,#2095,#2096));
#581=EDGE_LOOP('',(#2097,#2098,#2099,#2100));
#582=EDGE_LOOP('',(#2101,#2102,#2103,#2104));
#583=EDGE_LOOP('',(#2105,#2106,#2107,#2108));
#584=EDGE_LOOP('',(#2109,#2110,#2111,#2112));
#585=EDGE_LOOP('',(#2113,#2114,#2115,#2116));
#586=EDGE_LOOP('',(#2117,#2118,#2119,#2120));
#587=EDGE_LOOP('',(#2121,#2122,#2123,#2124));
#588=EDGE_LOOP('',(#2125,#2126,#2127,#2128));
#589=EDGE_LOOP('',(#2129,#2130,#2131,#2132));
#590=EDGE_LOOP('',(#2133,#2134,#2135,#2136));
#591=EDGE_LOOP('',(#2137,#2138,#2139,#2140));
#592=EDGE_LOOP('',(#2141,#2142,#2143,#2144));
#593=EDGE_LOOP('',(#2145,#2146,#2147,#2148));
#594=EDGE_LOOP('',(#2149,#2150,#2151,#2152));
#595=EDGE_LOOP('',(#2153));
#596=EDGE_LOOP('',(#2154));
#597=EDGE_LOOP('',(#2155));
#598=EDGE_LOOP('',(#2156));
#599=EDGE_LOOP('',(#2157));
#600=EDGE_LOOP('',(#2158));
#601=EDGE_LOOP('',(#2159));
#602=EDGE_LOOP('',(#2160));
#603=EDGE_LOOP('',(#2161));
#604=EDGE_LOOP('',(#2162));
#605=EDGE_LOOP('',(#2163,#2164,#2165,#2166));
#606=EDGE_LOOP('',(#2167));
#607=EDGE_LOOP('',(#2168));
#608=EDGE_LOOP('',(#2169));
#609=EDGE_LOOP('',(#2170));
#610=EDGE_LOOP('',(#2171));
#611=EDGE_LOOP('',(#2172));
#612=EDGE_LOOP('',(#2173));
#613=EDGE_LOOP('',(#2174));
#614=EDGE_LOOP('',(#2175));
#615=EDGE_LOOP('',(#2176));
#616=EDGE_LOOP('',(#2177,#2178,#2179,#2180));
#617=EDGE_LOOP('',(#2181,#2182,#2183,#2184));
#618=EDGE_LOOP('',(#2185,#2186,#2187,#2188));
#619=EDGE_LOOP('',(#2189,#2190,#2191,#2192));
#620=EDGE_LOOP('',(#2193,#2194,#2195,#2196));
#621=EDGE_LOOP('',(#2197,#2198,#2199,#2200));
#622=EDGE_LOOP('',(#2201,#2202,#2203,#2204));
#623=EDGE_LOOP('',(#2205,#2206,#2207,#2208));
#624=EDGE_LOOP('',(#2209,#2210,#2211,#2212));
#625=EDGE_LOOP('',(#2213));
#626=EDGE_LOOP('',(#2214));
#627=EDGE_LOOP('',(#2215));
#628=EDGE_LOOP('',(#2216));
#629=EDGE_LOOP('',(#2217,#2218,#2219,#2220));
#630=EDGE_LOOP('',(#2221));
#631=EDGE_LOOP('',(#2222));
#632=EDGE_LOOP('',(#2223));
#633=EDGE_LOOP('',(#2224));
#634=EDGE_LOOP('',(#2225,#2226,#2227,#2228));
#635=EDGE_LOOP('',(#2229,#2230,#2231,#2232));
#636=EDGE_LOOP('',(#2233,#2234,#2235,#2236));
#637=EDGE_LOOP('',(#2237,#2238,#2239,#2240));
#638=EDGE_LOOP('',(#2241,#2242,#2243,#2244));
#639=EDGE_LOOP('',(#2245,#2246,#2247,#2248));
#640=EDGE_LOOP('',(#2249,#2250,#2251,#2252));
#641=EDGE_LOOP('',(#2253,#2254,#2255,#2256));
#642=EDGE_LOOP('',(#2257,#2258,#2259,#2260));
#643=EDGE_LOOP('',(#2261,#2262,#2263,#2264));
#644=EDGE_LOOP('',(#2265,#2266,#2267,#2268));
#645=EDGE_LOOP('',(#2269,#2270,#2271,#2272));
#646=EDGE_LOOP('',(#2273,#2274,#2275,#2276));
#647=EDGE_LOOP('',(#2277,#2278,#2279,#2280));
#648=EDGE_LOOP('',(#2281,#2282,#2283,#2284));
#649=EDGE_LOOP('',(#2285,#2286,#2287,#2288));
#650=EDGE_LOOP('',(#2289,#2290,#2291,#2292));
#651=EDGE_LOOP('',(#2293,#2294,#2295,#2296));
#652=EDGE_LOOP('',(#2297,#2298,#2299,#2300));
#653=EDGE_LOOP('',(#2301));
#654=EDGE_LOOP('',(#2302));
#655=EDGE_LOOP('',(#2303));
#656=EDGE_LOOP('',(#2304));
#657=EDGE_LOOP('',(#2305));
#658=EDGE_LOOP('',(#2306));
#659=EDGE_LOOP('',(#2307));
#660=EDGE_LOOP('',(#2308));
#661=EDGE_LOOP('',(#2309));
#662=EDGE_LOOP('',(#2310));
#663=EDGE_LOOP('',(#2311));
#664=EDGE_LOOP('',(#2312));
#665=EDGE_LOOP('',(#2313));
#666=EDGE_LOOP('',(#2314));
#667=EDGE_LOOP('',(#2315,#2316,#2317,#2318));
#668=EDGE_LOOP('',(#2319));
#669=EDGE_LOOP('',(#2320));
#670=EDGE_LOOP('',(#2321));
#671=EDGE_LOOP('',(#2322));
#672=EDGE_LOOP('',(#2323));
#673=EDGE_LOOP('',(#2324));
#674=EDGE_LOOP('',(#2325));
#675=EDGE_LOOP('',(#2326));
#676=EDGE_LOOP('',(#2327));
#677=EDGE_LOOP('',(#2328));
#678=EDGE_LOOP('',(#2329));
#679=EDGE_LOOP('',(#2330));
#680=EDGE_LOOP('',(#2331));
#681=EDGE_LOOP('',(#2332));
#682=LINE('',#3486,#897);
#683=LINE('',#3488,#898);
#684=LINE('',#3490,#899);
#685=LINE('',#3491,#900);
#686=LINE('',#3494,#901);
#687=LINE('',#3496,#902);
#688=LINE('',#3497,#903);
#689=LINE('',#3500,#904);
#690=LINE('',#3502,#905);
#691=LINE('',#3503,#906);
#692=LINE('',#3506,#907);
#693=LINE('',#3508,#908);
#694=LINE('',#3509,#909);
#695=LINE('',#3512,#910);
#696=LINE('',#3514,#911);
#697=LINE('',#3515,#912);
#698=LINE('',#3519,#913);
#699=LINE('',#3521,#914);
#700=LINE('',#3523,#915);
#701=LINE('',#3524,#916);
#702=LINE('',#3527,#917);
#703=LINE('',#3529,#918);
#704=LINE('',#3530,#919);
#705=LINE('',#3533,#920);
#706=LINE('',#3535,#921);
#707=LINE('',#3536,#922);
#708=LINE('',#3539,#923);
#709=LINE('',#3541,#924);
#710=LINE('',#3542,#925);
#711=LINE('',#3545,#926);
#712=LINE('',#3547,#927);
#713=LINE('',#3548,#928);
#714=LINE('',#3552,#929);
#715=LINE('',#3554,#930);
#716=LINE('',#3556,#931);
#717=LINE('',#3557,#932);
#718=LINE('',#3560,#933);
#719=LINE('',#3562,#934);
#720=LINE('',#3563,#935);
#721=LINE('',#3566,#936);
#722=LINE('',#3568,#937);
#723=LINE('',#3569,#938);
#724=LINE('',#3571,#939);
#725=LINE('',#3572,#940);
#726=LINE('',#3574,#941);
#727=LINE('',#3575,#942);
#728=LINE('',#3579,#943);
#729=LINE('',#3581,#944);
#730=LINE('',#3583,#945);
#731=LINE('',#3584,#946);
#732=LINE('',#3587,#947);
#733=LINE('',#3589,#948);
#734=LINE('',#3590,#949);
#735=LINE('',#3593,#950);
#736=LINE('',#3595,#951);
#737=LINE('',#3596,#952);
#738=LINE('',#3598,#953);
#739=LINE('',#3599,#954);
#740=LINE('',#3601,#955);
#741=LINE('',#3602,#956);
#742=LINE('',#3607,#957);
#743=LINE('',#3613,#958);
#744=LINE('',#3619,#959);
#745=LINE('',#3625,#960);
#746=LINE('',#3643,#961);
#747=LINE('',#3646,#962);
#748=LINE('',#3661,#963);
#749=LINE('',#3664,#964);
#750=LINE('',#3679,#965);
#751=LINE('',#3682,#966);
#752=LINE('',#3697,#967);
#753=LINE('',#3700,#968);
#754=LINE('',#3703,#969);
#755=LINE('',#3705,#970);
#756=LINE('',#3706,#971);
#757=LINE('',#3709,#972);
#758=LINE('',#3711,#973);
#759=LINE('',#3712,#974);
#760=LINE('',#3715,#975);
#761=LINE('',#3717,#976);
#762=LINE('',#3718,#977);
#763=LINE('',#3720,#978);
#764=LINE('',#3721,#979);
#765=LINE('',#3723,#980);
#766=LINE('',#3724,#981);
#767=LINE('',#3727,#982);
#768=LINE('',#3729,#983);
#769=LINE('',#3730,#984);
#770=LINE('',#3732,#985);
#771=LINE('',#3733,#986);
#772=LINE('',#3753,#987);
#773=LINE('',#3754,#988);
#774=LINE('',#3776,#989);
#775=LINE('',#3778,#990);
#776=LINE('',#3780,#991);
#777=LINE('',#3782,#992);
#778=LINE('',#3784,#993);
#779=LINE('',#3786,#994);
#780=LINE('',#3788,#995);
#781=LINE('',#3790,#996);
#782=LINE('',#3792,#997);
#783=LINE('',#3797,#998);
#784=LINE('',#3803,#999);
#785=LINE('',#3809,#1000);
#786=LINE('',#3815,#1001);
#787=LINE('',#3820,#1002);
#788=LINE('',#3822,#1003);
#789=LINE('',#3824,#1004);
#790=LINE('',#3825,#1005);
#791=LINE('',#3828,#1006);
#792=LINE('',#3830,#1007);
#793=LINE('',#3831,#1008);
#794=LINE('',#3834,#1009);
#795=LINE('',#3836,#1010);
#796=LINE('',#3837,#1011);
#797=LINE('',#3839,#1012);
#798=LINE('',#3840,#1013);
#799=LINE('',#3847,#1014);
#800=LINE('',#3853,#1015);
#801=LINE('',#3859,#1016);
#802=LINE('',#3865,#1017);
#803=LINE('',#3871,#1018);
#804=LINE('',#3877,#1019);
#805=LINE('',#3883,#1020);
#806=LINE('',#3889,#1021);
#807=LINE('',#3895,#1022);
#808=LINE('',#3900,#1023);
#809=LINE('',#3902,#1024);
#810=LINE('',#3904,#1025);
#811=LINE('',#3905,#1026);
#812=LINE('',#3908,#1027);
#813=LINE('',#3910,#1028);
#814=LINE('',#3911,#1029);
#815=LINE('',#3914,#1030);
#816=LINE('',#3916,#1031);
#817=LINE('',#3917,#1032);
#818=LINE('',#3919,#1033);
#819=LINE('',#3920,#1034);
#820=LINE('',#3925,#1035);
#821=LINE('',#3930,#1036);
#822=LINE('',#3932,#1037);
#823=LINE('',#3934,#1038);
#824=LINE('',#3935,#1039);
#825=LINE('',#3938,#1040);
#826=LINE('',#3940,#1041);
#827=LINE('',#3941,#1042);
#828=LINE('',#3944,#1043);
#829=LINE('',#3946,#1044);
#830=LINE('',#3947,#1045);
#831=LINE('',#3949,#1046);
#832=LINE('',#3950,#1047);
#833=LINE('',#3957,#1048);
#834=LINE('',#3963,#1049);
#835=LINE('',#3969,#1050);
#836=LINE('',#3975,#1051);
#837=LINE('',#3981,#1052);
#838=LINE('',#3987,#1053);
#839=LINE('',#3993,#1054);
#840=LINE('',#3999,#1055);
#841=LINE('',#4005,#1056);
#842=LINE('',#4011,#1057);
#843=LINE('',#4016,#1058);
#844=LINE('',#4018,#1059);
#845=LINE('',#4020,#1060);
#846=LINE('',#4021,#1061);
#847=LINE('',#4024,#1062);
#848=LINE('',#4026,#1063);
#849=LINE('',#4027,#1064);
#850=LINE('',#4030,#1065);
#851=LINE('',#4032,#1066);
#852=LINE('',#4033,#1067);
#853=LINE('',#4035,#1068);
#854=LINE('',#4036,#1069);
#855=LINE('',#4043,#1070);
#856=LINE('',#4049,#1071);
#857=LINE('',#4055,#1072);
#858=LINE('',#4061,#1073);
#859=LINE('',#4066,#1074);
#860=LINE('',#4068,#1075);
#861=LINE('',#4070,#1076);
#862=LINE('',#4071,#1077);
#863=LINE('',#4074,#1078);
#864=LINE('',#4076,#1079);
#865=LINE('',#4077,#1080);
#866=LINE('',#4080,#1081);
#867=LINE('',#4082,#1082);
#868=LINE('',#4083,#1083);
#869=LINE('',#4085,#1084);
#870=LINE('',#4086,#1085);
#871=LINE('',#4093,#1086);
#872=LINE('',#4099,#1087);
#873=LINE('',#4105,#1088);
#874=LINE('',#4111,#1089);
#875=LINE('',#4117,#1090);
#876=LINE('',#4140,#1091);
#877=LINE('',#4146,#1092);
#878=LINE('',#4152,#1093);
#879=LINE('',#4158,#1094);
#880=LINE('',#4164,#1095);
#881=LINE('',#4170,#1096);
#882=LINE('',#4176,#1097);
#883=LINE('',#4182,#1098);
#884=LINE('',#4188,#1099);
#885=LINE('',#4193,#1100);
#886=LINE('',#4195,#1101);
#887=LINE('',#4197,#1102);
#888=LINE('',#4198,#1103);
#889=LINE('',#4201,#1104);
#890=LINE('',#4203,#1105);
#891=LINE('',#4204,#1106);
#892=LINE('',#4207,#1107);
#893=LINE('',#4209,#1108);
#894=LINE('',#4210,#1109);
#895=LINE('',#4212,#1110);
#896=LINE('',#4213,#1111);
#897=VECTOR('',#2790,10.);
#898=VECTOR('',#2791,10.);
#899=VECTOR('',#2792,10.);
#900=VECTOR('',#2793,10.);
#901=VECTOR('',#2796,10.);
#902=VECTOR('',#2797,10.);
#903=VECTOR('',#2798,10.);
#904=VECTOR('',#2801,10.);
#905=VECTOR('',#2802,10.);
#906=VECTOR('',#2803,10.);
#907=VECTOR('',#2806,10.);
#908=VECTOR('',#2807,10.);
#909=VECTOR('',#2808,10.);
#910=VECTOR('',#2811,10.);
#911=VECTOR('',#2812,10.);
#912=VECTOR('',#2813,10.);
#913=VECTOR('',#2816,10.);
#914=VECTOR('',#2817,10.);
#915=VECTOR('',#2818,10.);
#916=VECTOR('',#2819,10.);
#917=VECTOR('',#2822,10.);
#918=VECTOR('',#2823,10.);
#919=VECTOR('',#2824,10.);
#920=VECTOR('',#2827,10.);
#921=VECTOR('',#2828,10.);
#922=VECTOR('',#2829,10.);
#923=VECTOR('',#2832,10.);
#924=VECTOR('',#2833,10.);
#925=VECTOR('',#2834,10.);
#926=VECTOR('',#2837,10.);
#927=VECTOR('',#2838,10.);
#928=VECTOR('',#2839,10.);
#929=VECTOR('',#2842,10.);
#930=VECTOR('',#2843,10.);
#931=VECTOR('',#2844,10.);
#932=VECTOR('',#2845,10.);
#933=VECTOR('',#2848,10.);
#934=VECTOR('',#2849,10.);
#935=VECTOR('',#2850,10.);
#936=VECTOR('',#2853,10.);
#937=VECTOR('',#2854,10.);
#938=VECTOR('',#2855,10.);
#939=VECTOR('',#2858,10.);
#940=VECTOR('',#2859,10.);
#941=VECTOR('',#2862,10.);
#942=VECTOR('',#2863,10.);
#943=VECTOR('',#2866,10.);
#944=VECTOR('',#2867,10.);
#945=VECTOR('',#2868,10.);
#946=VECTOR('',#2869,10.);
#947=VECTOR('',#2872,10.);
#948=VECTOR('',#2873,10.);
#949=VECTOR('',#2874,10.);
#950=VECTOR('',#2877,10.);
#951=VECTOR('',#2878,10.);
#952=VECTOR('',#2879,10.);
#953=VECTOR('',#2882,10.);
#954=VECTOR('',#2883,10.);
#955=VECTOR('',#2886,10.);
#956=VECTOR('',#2887,10.);
#957=VECTOR('',#2892,1.625);
#958=VECTOR('',#2899,1.625);
#959=VECTOR('',#2906,1.625);
#960=VECTOR('',#2913,1.625);
#961=VECTOR('',#2922,10.);
#962=VECTOR('',#2925,10.);
#963=VECTOR('',#2928,10.);
#964=VECTOR('',#2931,10.);
#965=VECTOR('',#2934,10.);
#966=VECTOR('',#2937,10.);
#967=VECTOR('',#2940,10.);
#968=VECTOR('',#2943,10.);
#969=VECTOR('',#2946,10.);
#970=VECTOR('',#2947,10.);
#971=VECTOR('',#2948,10.);
#972=VECTOR('',#2951,10.);
#973=VECTOR('',#2952,10.);
#974=VECTOR('',#2953,10.);
#975=VECTOR('',#2956,10.);
#976=VECTOR('',#2957,10.);
#977=VECTOR('',#2958,10.);
#978=VECTOR('',#2961,10.);
#979=VECTOR('',#2962,10.);
#980=VECTOR('',#2965,10.);
#981=VECTOR('',#2966,10.);
#982=VECTOR('',#2969,10.);
#983=VECTOR('',#2970,10.);
#984=VECTOR('',#2971,10.);
#985=VECTOR('',#2974,10.);
#986=VECTOR('',#2975,10.);
#987=VECTOR('',#2996,10.);
#988=VECTOR('',#2997,10.);
#989=VECTOR('',#3022,1.75);
#990=VECTOR('',#3025,1.75);
#991=VECTOR('',#3028,1.75);
#992=VECTOR('',#3031,1.75);
#993=VECTOR('',#3034,12.);
#994=VECTOR('',#3037,1.625);
#995=VECTOR('',#3040,1.625);
#996=VECTOR('',#3043,1.625);
#997=VECTOR('',#3046,1.625);
#998=VECTOR('',#3051,1.625);
#999=VECTOR('',#3058,1.625);
#1000=VECTOR('',#3065,1.625);
#1001=VECTOR('',#3072,1.625);
#1002=VECTOR('',#3077,10.);
#1003=VECTOR('',#3078,10.);
#1004=VECTOR('',#3079,10.);
#1005=VECTOR('',#3080,10.);
#1006=VECTOR('',#3083,10.);
#1007=VECTOR('',#3084,10.);
#1008=VECTOR('',#3085,10.);
#1009=VECTOR('',#3088,10.);
#1010=VECTOR('',#3089,10.);
#1011=VECTOR('',#3090,10.);
#1012=VECTOR('',#3093,10.);
#1013=VECTOR('',#3094,10.);
#1014=VECTOR('',#3103,3.5);
#1015=VECTOR('',#3110,3.);
#1016=VECTOR('',#3117,1.75);
#1017=VECTOR('',#3124,1.75);
#1018=VECTOR('',#3131,1.75);
#1019=VECTOR('',#3138,1.75);
#1020=VECTOR('',#3145,1.75);
#1021=VECTOR('',#3152,1.75);
#1022=VECTOR('',#3159,1.75);
#1023=VECTOR('',#3164,10.);
#1024=VECTOR('',#3165,10.);
#1025=VECTOR('',#3166,10.);
#1026=VECTOR('',#3167,10.);
#1027=VECTOR('',#3170,10.);
#1028=VECTOR('',#3171,10.);
#1029=VECTOR('',#3172,10.);
#1030=VECTOR('',#3175,10.);
#1031=VECTOR('',#3176,10.);
#1032=VECTOR('',#3177,10.);
#1033=VECTOR('',#3180,10.);
#1034=VECTOR('',#3181,10.);
#1035=VECTOR('',#3186,1.75);
#1036=VECTOR('',#3191,10.);
#1037=VECTOR('',#3192,10.);
#1038=VECTOR('',#3193,10.);
#1039=VECTOR('',#3194,10.);
#1040=VECTOR('',#3197,10.);
#1041=VECTOR('',#3198,10.);
#1042=VECTOR('',#3199,10.);
#1043=VECTOR('',#3202,10.);
#1044=VECTOR('',#3203,10.);
#1045=VECTOR('',#3204,10.);
#1046=VECTOR('',#3207,10.);
#1047=VECTOR('',#3208,10.);
#1048=VECTOR('',#3217,1.75);
#1049=VECTOR('',#3224,1.75);
#1050=VECTOR('',#3231,4.);
#1051=VECTOR('',#3238,1.75);
#1052=VECTOR('',#3245,1.75);
#1053=VECTOR('',#3252,19.);
#1054=VECTOR('',#3259,1.75);
#1055=VECTOR('',#3266,1.75);
#1056=VECTOR('',#3273,1.75);
#1057=VECTOR('',#3280,1.75);
#1058=VECTOR('',#3285,10.);
#1059=VECTOR('',#3286,10.);
#1060=VECTOR('',#3287,10.);
#1061=VECTOR('',#3288,10.);
#1062=VECTOR('',#3291,10.);
#1063=VECTOR('',#3292,10.);
#1064=VECTOR('',#3293,10.);
#1065=VECTOR('',#3296,10.);
#1066=VECTOR('',#3297,10.);
#1067=VECTOR('',#3298,10.);
#1068=VECTOR('',#3301,10.);
#1069=VECTOR('',#3302,10.);
#1070=VECTOR('',#3311,1.75);
#1071=VECTOR('',#3318,1.75);
#1072=VECTOR('',#3325,1.75);
#1073=VECTOR('',#3332,1.75);
#1074=VECTOR('',#3337,10.);
#1075=VECTOR('',#3338,10.);
#1076=VECTOR('',#3339,10.);
#1077=VECTOR('',#3340,10.);
#1078=VECTOR('',#3343,10.);
#1079=VECTOR('',#3344,10.);
#1080=VECTOR('',#3345,10.);
#1081=VECTOR('',#3348,10.);
#1082=VECTOR('',#3349,10.);
#1083=VECTOR('',#3350,10.);
#1084=VECTOR('',#3353,10.);
#1085=VECTOR('',#3354,10.);
#1086=VECTOR('',#3363,19.);
#1087=VECTOR('',#3370,1.75);
#1088=VECTOR('',#3377,1.5875);
#1089=VECTOR('',#3384,1.5875);
#1090=VECTOR('',#3391,1.75);
#1091=VECTOR('',#3396,7.5);
#1092=VECTOR('',#3403,1.5875);
#1093=VECTOR('',#3410,1.75);
#1094=VECTOR('',#3417,1.75);
#1095=VECTOR('',#3424,1.5875);
#1096=VECTOR('',#3431,1.75);
#1097=VECTOR('',#3438,1.75);
#1098=VECTOR('',#3445,1.75);
#1099=VECTOR('',#3452,1.75);
#1100=VECTOR('',#3457,10.);
#1101=VECTOR('',#3458,10.);
#1102=VECTOR('',#3459,10.);
#1103=VECTOR('',#3460,10.);
#1104=VECTOR('',#3463,10.);
#1105=VECTOR('',#3464,10.);
#1106=VECTOR('',#3465,10.);
#1107=VECTOR('',#3468,10.);
#1108=VECTOR('',#3469,10.);
#1109=VECTOR('',#3470,10.);
#1110=VECTOR('',#3473,10.);
#1111=VECTOR('',#3474,10.);
#1112=VERTEX_POINT('',#3484);
#1113=VERTEX_POINT('',#3485);
#1114=VERTEX_POINT('',#3487);
#1115=VERTEX_POINT('',#3489);
#1116=VERTEX_POINT('',#3493);
#1117=VERTEX_POINT('',#3495);
#1118=VERTEX_POINT('',#3499);
#1119=VERTEX_POINT('',#3501);
#1120=VERTEX_POINT('',#3505);
#1121=VERTEX_POINT('',#3507);
#1122=VERTEX_POINT('',#3511);
#1123=VERTEX_POINT('',#3513);
#1124=VERTEX_POINT('',#3517);
#1125=VERTEX_POINT('',#3518);
#1126=VERTEX_POINT('',#3520);
#1127=VERTEX_POINT('',#3522);
#1128=VERTEX_POINT('',#3526);
#1129=VERTEX_POINT('',#3528);
#1130=VERTEX_POINT('',#3532);
#1131=VERTEX_POINT('',#3534);
#1132=VERTEX_POINT('',#3538);
#1133=VERTEX_POINT('',#3540);
#1134=VERTEX_POINT('',#3544);
#1135=VERTEX_POINT('',#3546);
#1136=VERTEX_POINT('',#3550);
#1137=VERTEX_POINT('',#3551);
#1138=VERTEX_POINT('',#3553);
#1139=VERTEX_POINT('',#3555);
#1140=VERTEX_POINT('',#3559);
#1141=VERTEX_POINT('',#3561);
#1142=VERTEX_POINT('',#3565);
#1143=VERTEX_POINT('',#3567);
#1144=VERTEX_POINT('',#3577);
#1145=VERTEX_POINT('',#3578);
#1146=VERTEX_POINT('',#3580);
#1147=VERTEX_POINT('',#3582);
#1148=VERTEX_POINT('',#3586);
#1149=VERTEX_POINT('',#3588);
#1150=VERTEX_POINT('',#3592);
#1151=VERTEX_POINT('',#3594);
#1152=VERTEX_POINT('',#3604);
#1153=VERTEX_POINT('',#3606);
#1154=VERTEX_POINT('',#3610);
#1155=VERTEX_POINT('',#3612);
#1156=VERTEX_POINT('',#3616);
#1157=VERTEX_POINT('',#3618);
#1158=VERTEX_POINT('',#3622);
#1159=VERTEX_POINT('',#3624);
#1160=VERTEX_POINT('',#3639);
#1161=VERTEX_POINT('',#3640);
#1162=VERTEX_POINT('',#3642);
#1163=VERTEX_POINT('',#3644);
#1164=VERTEX_POINT('',#3657);
#1165=VERTEX_POINT('',#3658);
#1166=VERTEX_POINT('',#3660);
#1167=VERTEX_POINT('',#3662);
#1168=VERTEX_POINT('',#3675);
#1169=VERTEX_POINT('',#3676);
#1170=VERTEX_POINT('',#3678);
#1171=VERTEX_POINT('',#3680);
#1172=VERTEX_POINT('',#3693);
#1173=VERTEX_POINT('',#3694);
#1174=VERTEX_POINT('',#3696);
#1175=VERTEX_POINT('',#3698);
#1176=VERTEX_POINT('',#3702);
#1177=VERTEX_POINT('',#3704);
#1178=VERTEX_POINT('',#3708);
#1179=VERTEX_POINT('',#3710);
#1180=VERTEX_POINT('',#3714);
#1181=VERTEX_POINT('',#3716);
#1182=VERTEX_POINT('',#3726);
#1183=VERTEX_POINT('',#3728);
#1184=VERTEX_POINT('',#3734);
#1185=VERTEX_POINT('',#3736);
#1186=VERTEX_POINT('',#3738);
#1187=VERTEX_POINT('',#3740);
#1188=VERTEX_POINT('',#3742);
#1189=VERTEX_POINT('',#3744);
#1190=VERTEX_POINT('',#3746);
#1191=VERTEX_POINT('',#3748);
#1192=VERTEX_POINT('',#3750);
#1193=VERTEX_POINT('',#3755);
#1194=VERTEX_POINT('',#3757);
#1195=VERTEX_POINT('',#3759);
#1196=VERTEX_POINT('',#3761);
#1197=VERTEX_POINT('',#3763);
#1198=VERTEX_POINT('',#3765);
#1199=VERTEX_POINT('',#3767);
#1200=VERTEX_POINT('',#3769);
#1201=VERTEX_POINT('',#3771);
#1202=VERTEX_POINT('',#3794);
#1203=VERTEX_POINT('',#3796);
#1204=VERTEX_POINT('',#3800);
#1205=VERTEX_POINT('',#3802);
#1206=VERTEX_POINT('',#3806);
#1207=VERTEX_POINT('',#3808);
#1208=VERTEX_POINT('',#3812);
#1209=VERTEX_POINT('',#3814);
#1210=VERTEX_POINT('',#3818);
#1211=VERTEX_POINT('',#3819);
#1212=VERTEX_POINT('',#3821);
#1213=VERTEX_POINT('',#3823);
#1214=VERTEX_POINT('',#3827);
#1215=VERTEX_POINT('',#3829);
#1216=VERTEX_POINT('',#3833);
#1217=VERTEX_POINT('',#3835);
#1218=VERTEX_POINT('',#3844);
#1219=VERTEX_POINT('',#3846);
#1220=VERTEX_POINT('',#3850);
#1221=VERTEX_POINT('',#3852);
#1222=VERTEX_POINT('',#3856);
#1223=VERTEX_POINT('',#3858);
#1224=VERTEX_POINT('',#3862);
#1225=VERTEX_POINT('',#3864);
#1226=VERTEX_POINT('',#3868);
#1227=VERTEX_POINT('',#3870);
#1228=VERTEX_POINT('',#3874);
#1229=VERTEX_POINT('',#3876);
#1230=VERTEX_POINT('',#3880);
#1231=VERTEX_POINT('',#3882);
#1232=VERTEX_POINT('',#3886);
#1233=VERTEX_POINT('',#3888);
#1234=VERTEX_POINT('',#3892);
#1235=VERTEX_POINT('',#3894);
#1236=VERTEX_POINT('',#3898);
#1237=VERTEX_POINT('',#3899);
#1238=VERTEX_POINT('',#3901);
#1239=VERTEX_POINT('',#3903);
#1240=VERTEX_POINT('',#3907);
#1241=VERTEX_POINT('',#3909);
#1242=VERTEX_POINT('',#3913);
#1243=VERTEX_POINT('',#3915);
#1244=VERTEX_POINT('',#3922);
#1245=VERTEX_POINT('',#3924);
#1246=VERTEX_POINT('',#3928);
#1247=VERTEX_POINT('',#3929);
#1248=VERTEX_POINT('',#3931);
#1249=VERTEX_POINT('',#3933);
#1250=VERTEX_POINT('',#3937);
#1251=VERTEX_POINT('',#3939);
#1252=VERTEX_POINT('',#3943);
#1253=VERTEX_POINT('',#3945);
#1254=VERTEX_POINT('',#3954);
#1255=VERTEX_POINT('',#3956);
#1256=VERTEX_POINT('',#3960);
#1257=VERTEX_POINT('',#3962);
#1258=VERTEX_POINT('',#3966);
#1259=VERTEX_POINT('',#3968);
#1260=VERTEX_POINT('',#3972);
#1261=VERTEX_POINT('',#3974);
#1262=VERTEX_POINT('',#3978);
#1263=VERTEX_POINT('',#3980);
#1264=VERTEX_POINT('',#3984);
#1265=VERTEX_POINT('',#3986);
#1266=VERTEX_POINT('',#3990);
#1267=VERTEX_POINT('',#3992);
#1268=VERTEX_POINT('',#3996);
#1269=VERTEX_POINT('',#3998);
#1270=VERTEX_POINT('',#4002);
#1271=VERTEX_POINT('',#4004);
#1272=VERTEX_POINT('',#4008);
#1273=VERTEX_POINT('',#4010);
#1274=VERTEX_POINT('',#4014);
#1275=VERTEX_POINT('',#4015);
#1276=VERTEX_POINT('',#4017);
#1277=VERTEX_POINT('',#4019);
#1278=VERTEX_POINT('',#4023);
#1279=VERTEX_POINT('',#4025);
#1280=VERTEX_POINT('',#4029);
#1281=VERTEX_POINT('',#4031);
#1282=VERTEX_POINT('',#4040);
#1283=VERTEX_POINT('',#4042);
#1284=VERTEX_POINT('',#4046);
#1285=VERTEX_POINT('',#4048);
#1286=VERTEX_POINT('',#4052);
#1287=VERTEX_POINT('',#4054);
#1288=VERTEX_POINT('',#4058);
#1289=VERTEX_POINT('',#4060);
#1290=VERTEX_POINT('',#4064);
#1291=VERTEX_POINT('',#4065);
#1292=VERTEX_POINT('',#4067);
#1293=VERTEX_POINT('',#4069);
#1294=VERTEX_POINT('',#4073);
#1295=VERTEX_POINT('',#4075);
#1296=VERTEX_POINT('',#4079);
#1297=VERTEX_POINT('',#4081);
#1298=VERTEX_POINT('',#4090);
#1299=VERTEX_POINT('',#4092);
#1300=VERTEX_POINT('',#4096);
#1301=VERTEX_POINT('',#4098);
#1302=VERTEX_POINT('',#4102);
#1303=VERTEX_POINT('',#4104);
#1304=VERTEX_POINT('',#4108);
#1305=VERTEX_POINT('',#4110);
#1306=VERTEX_POINT('',#4114);
#1307=VERTEX_POINT('',#4116);
#1308=VERTEX_POINT('',#4137);
#1309=VERTEX_POINT('',#4139);
#1310=VERTEX_POINT('',#4143);
#1311=VERTEX_POINT('',#4145);
#1312=VERTEX_POINT('',#4149);
#1313=VERTEX_POINT('',#4151);
#1314=VERTEX_POINT('',#4155);
#1315=VERTEX_POINT('',#4157);
#1316=VERTEX_POINT('',#4161);
#1317=VERTEX_POINT('',#4163);
#1318=VERTEX_POINT('',#4167);
#1319=VERTEX_POINT('',#4169);
#1320=VERTEX_POINT('',#4173);
#1321=VERTEX_POINT('',#4175);
#1322=VERTEX_POINT('',#4179);
#1323=VERTEX_POINT('',#4181);
#1324=VERTEX_POINT('',#4185);
#1325=VERTEX_POINT('',#4187);
#1326=VERTEX_POINT('',#4191);
#1327=VERTEX_POINT('',#4192);
#1328=VERTEX_POINT('',#4194);
#1329=VERTEX_POINT('',#4196);
#1330=VERTEX_POINT('',#4200);
#1331=VERTEX_POINT('',#4202);
#1332=VERTEX_POINT('',#4206);
#1333=VERTEX_POINT('',#4208);
#1334=EDGE_CURVE('',#1112,#1113,#682,.T.);
#1335=EDGE_CURVE('',#1114,#1113,#683,.T.);
#1336=EDGE_CURVE('',#1115,#1114,#684,.T.);
#1337=EDGE_CURVE('',#1112,#1115,#685,.T.);
#1338=EDGE_CURVE('',#1116,#1112,#686,.T.);
#1339=EDGE_CURVE('',#1117,#1115,#687,.T.);
#1340=EDGE_CURVE('',#1116,#1117,#688,.T.);
#1341=EDGE_CURVE('',#1118,#1116,#689,.T.);
#1342=EDGE_CURVE('',#1119,#1117,#690,.T.);
#1343=EDGE_CURVE('',#1118,#1119,#691,.T.);
#1344=EDGE_CURVE('',#1119,#1120,#692,.T.);
#1345=EDGE_CURVE('',#1120,#1121,#693,.T.);
#1346=EDGE_CURVE('',#1118,#1121,#694,.T.);
#1347=EDGE_CURVE('',#1122,#1113,#695,.T.);
#1348=EDGE_CURVE('',#1123,#1122,#696,.T.);
#1349=EDGE_CURVE('',#1123,#1114,#697,.T.);
#1350=EDGE_CURVE('',#1124,#1125,#698,.T.);
#1351=EDGE_CURVE('',#1126,#1125,#699,.T.);
#1352=EDGE_CURVE('',#1127,#1126,#700,.T.);
#1353=EDGE_CURVE('',#1124,#1127,#701,.T.);
#1354=EDGE_CURVE('',#1128,#1124,#702,.T.);
#1355=EDGE_CURVE('',#1129,#1127,#703,.T.);
#1356=EDGE_CURVE('',#1128,#1129,#704,.T.);
#1357=EDGE_CURVE('',#1130,#1128,#705,.T.);
#1358=EDGE_CURVE('',#1131,#1129,#706,.T.);
#1359=EDGE_CURVE('',#1130,#1131,#707,.T.);
#1360=EDGE_CURVE('',#1131,#1132,#708,.T.);
#1361=EDGE_CURVE('',#1132,#1133,#709,.T.);
#1362=EDGE_CURVE('',#1130,#1133,#710,.T.);
#1363=EDGE_CURVE('',#1134,#1125,#711,.T.);
#1364=EDGE_CURVE('',#1135,#1134,#712,.T.);
#1365=EDGE_CURVE('',#1135,#1126,#713,.T.);
#1366=EDGE_CURVE('',#1136,#1137,#714,.T.);
#1367=EDGE_CURVE('',#1138,#1137,#715,.T.);
#1368=EDGE_CURVE('',#1139,#1138,#716,.T.);
#1369=EDGE_CURVE('',#1136,#1139,#717,.T.);
#1370=EDGE_CURVE('',#1140,#1136,#718,.T.);
#1371=EDGE_CURVE('',#1141,#1139,#719,.T.);
#1372=EDGE_CURVE('',#1140,#1141,#720,.T.);
#1373=EDGE_CURVE('',#1142,#1140,#721,.T.);
#1374=EDGE_CURVE('',#1143,#1141,#722,.T.);
#1375=EDGE_CURVE('',#1142,#1143,#723,.T.);
#1376=EDGE_CURVE('',#1121,#1137,#724,.T.);
#1377=EDGE_CURVE('',#1120,#1138,#725,.T.);
#1378=EDGE_CURVE('',#1143,#1135,#726,.T.);
#1379=EDGE_CURVE('',#1142,#1134,#727,.T.);
#1380=EDGE_CURVE('',#1144,#1145,#728,.T.);
#1381=EDGE_CURVE('',#1146,#1145,#729,.T.);
#1382=EDGE_CURVE('',#1147,#1146,#730,.T.);
#1383=EDGE_CURVE('',#1144,#1147,#731,.T.);
#1384=EDGE_CURVE('',#1148,#1144,#732,.T.);
#1385=EDGE_CURVE('',#1149,#1147,#733,.T.);
#1386=EDGE_CURVE('',#1148,#1149,#734,.T.);
#1387=EDGE_CURVE('',#1150,#1148,#735,.T.);
#1388=EDGE_CURVE('',#1151,#1149,#736,.T.);
#1389=EDGE_CURVE('',#1150,#1151,#737,.T.);
#1390=EDGE_CURVE('',#1151,#1123,#738,.T.);
#1391=EDGE_CURVE('',#1150,#1122,#739,.T.);
#1392=EDGE_CURVE('',#1133,#1145,#740,.T.);
#1393=EDGE_CURVE('',#1132,#1146,#741,.T.);
#1394=EDGE_CURVE('',#1152,#1152,#158,.T.);
#1395=EDGE_CURVE('',#1152,#1153,#742,.T.);
#1396=EDGE_CURVE('',#1153,#1153,#159,.T.);
#1397=EDGE_CURVE('',#1154,#1154,#160,.T.);
#1398=EDGE_CURVE('',#1154,#1155,#743,.T.);
#1399=EDGE_CURVE('',#1155,#1155,#161,.T.);
#1400=EDGE_CURVE('',#1156,#1156,#162,.T.);
#1401=EDGE_CURVE('',#1156,#1157,#744,.T.);
#1402=EDGE_CURVE('',#1157,#1157,#163,.T.);
#1403=EDGE_CURVE('',#1158,#1158,#164,.T.);
#1404=EDGE_CURVE('',#1158,#1159,#745,.T.);
#1405=EDGE_CURVE('',#1159,#1159,#165,.T.);
#1406=EDGE_CURVE('',#1160,#1161,#17,.T.);
#1407=EDGE_CURVE('',#1162,#1160,#746,.T.);
#1408=EDGE_CURVE('',#1163,#1162,#18,.T.);
#1409=EDGE_CURVE('',#1161,#1163,#747,.T.);
#1410=EDGE_CURVE('',#1164,#1165,#19,.T.);
#1411=EDGE_CURVE('',#1166,#1164,#748,.T.);
#1412=EDGE_CURVE('',#1167,#1166,#20,.T.);
#1413=EDGE_CURVE('',#1165,#1167,#749,.T.);
#1414=EDGE_CURVE('',#1168,#1169,#21,.T.);
#1415=EDGE_CURVE('',#1170,#1168,#750,.T.);
#1416=EDGE_CURVE('',#1171,#1170,#22,.T.);
#1417=EDGE_CURVE('',#1169,#1171,#751,.T.);
#1418=EDGE_CURVE('',#1172,#1173,#23,.T.);
#1419=EDGE_CURVE('',#1174,#1172,#752,.T.);
#1420=EDGE_CURVE('',#1175,#1174,#24,.T.);
#1421=EDGE_CURVE('',#1173,#1175,#753,.T.);
#1422=EDGE_CURVE('',#1163,#1176,#754,.T.);
#1423=EDGE_CURVE('',#1176,#1177,#755,.T.);
#1424=EDGE_CURVE('',#1161,#1177,#756,.T.);
#1425=EDGE_CURVE('',#1178,#1160,#757,.T.);
#1426=EDGE_CURVE('',#1179,#1178,#758,.T.);
#1427=EDGE_CURVE('',#1179,#1162,#759,.T.);
#1428=EDGE_CURVE('',#1167,#1180,#760,.T.);
#1429=EDGE_CURVE('',#1180,#1181,#761,.T.);
#1430=EDGE_CURVE('',#1165,#1181,#762,.T.);
#1431=EDGE_CURVE('',#1177,#1164,#763,.T.);
#1432=EDGE_CURVE('',#1176,#1166,#764,.T.);
#1433=EDGE_CURVE('',#1171,#1179,#765,.T.);
#1434=EDGE_CURVE('',#1169,#1178,#766,.T.);
#1435=EDGE_CURVE('',#1182,#1168,#767,.T.);
#1436=EDGE_CURVE('',#1183,#1182,#768,.T.);
#1437=EDGE_CURVE('',#1183,#1170,#769,.T.);
#1438=EDGE_CURVE('',#1175,#1183,#770,.T.);
#1439=EDGE_CURVE('',#1180,#1174,#771,.T.);
#1440=EDGE_CURVE('',#1184,#1184,#166,.T.);
#1441=EDGE_CURVE('',#1185,#1185,#167,.T.);
#1442=EDGE_CURVE('',#1186,#1186,#168,.T.);
#1443=EDGE_CURVE('',#1187,#1187,#169,.T.);
#1444=EDGE_CURVE('',#1188,#1188,#170,.T.);
#1445=EDGE_CURVE('',#1189,#1189,#171,.T.);
#1446=EDGE_CURVE('',#1190,#1190,#172,.T.);
#1447=EDGE_CURVE('',#1191,#1191,#173,.T.);
#1448=EDGE_CURVE('',#1192,#1192,#174,.T.);
#1449=EDGE_CURVE('',#1181,#1172,#772,.T.);
#1450=EDGE_CURVE('',#1173,#1182,#773,.T.);
#1451=EDGE_CURVE('',#1193,#1193,#175,.T.);
#1452=EDGE_CURVE('',#1194,#1194,#176,.T.);
#1453=EDGE_CURVE('',#1195,#1195,#177,.T.);
#1454=EDGE_CURVE('',#1196,#1196,#178,.T.);
#1455=EDGE_CURVE('',#1197,#1197,#179,.T.);
#1456=EDGE_CURVE('',#1198,#1198,#180,.T.);
#1457=EDGE_CURVE('',#1199,#1199,#181,.T.);
#1458=EDGE_CURVE('',#1200,#1200,#182,.T.);
#1459=EDGE_CURVE('',#1201,#1201,#183,.T.);
#1460=EDGE_CURVE('',#1193,#1184,#774,.T.);
#1461=EDGE_CURVE('',#1194,#1185,#775,.T.);
#1462=EDGE_CURVE('',#1195,#1186,#776,.T.);
#1463=EDGE_CURVE('',#1196,#1187,#777,.T.);
#1464=EDGE_CURVE('',#1201,#1192,#778,.T.);
#1465=EDGE_CURVE('',#1200,#1191,#779,.T.);
#1466=EDGE_CURVE('',#1199,#1190,#780,.T.);
#1467=EDGE_CURVE('',#1198,#1189,#781,.T.);
#1468=EDGE_CURVE('',#1197,#1188,#782,.T.);
#1469=EDGE_CURVE('',#1202,#1202,#184,.T.);
#1470=EDGE_CURVE('',#1202,#1203,#783,.T.);
#1471=EDGE_CURVE('',#1203,#1203,#185,.T.);
#1472=EDGE_CURVE('',#1204,#1204,#186,.T.);
#1473=EDGE_CURVE('',#1204,#1205,#784,.T.);
#1474=EDGE_CURVE('',#1205,#1205,#187,.T.);
#1475=EDGE_CURVE('',#1206,#1206,#188,.T.);
#1476=EDGE_CURVE('',#1206,#1207,#785,.T.);
#1477=EDGE_CURVE('',#1207,#1207,#189,.T.);
#1478=EDGE_CURVE('',#1208,#1208,#190,.T.);
#1479=EDGE_CURVE('',#1208,#1209,#786,.T.);
#1480=EDGE_CURVE('',#1209,#1209,#191,.T.);
#1481=EDGE_CURVE('',#1210,#1211,#787,.T.);
#1482=EDGE_CURVE('',#1211,#1212,#788,.T.);
#1483=EDGE_CURVE('',#1213,#1212,#789,.T.);
#1484=EDGE_CURVE('',#1210,#1213,#790,.T.);
#1485=EDGE_CURVE('',#1214,#1210,#791,.T.);
#1486=EDGE_CURVE('',#1215,#1213,#792,.T.);
#1487=EDGE_CURVE('',#1214,#1215,#793,.T.);
#1488=EDGE_CURVE('',#1216,#1214,#794,.T.);
#1489=EDGE_CURVE('',#1217,#1215,#795,.T.);
#1490=EDGE_CURVE('',#1216,#1217,#796,.T.);
#1491=EDGE_CURVE('',#1211,#1216,#797,.T.);
#1492=EDGE_CURVE('',#1212,#1217,#798,.T.);
#1493=EDGE_CURVE('',#1218,#1218,#192,.T.);
#1494=EDGE_CURVE('',#1218,#1219,#799,.T.);
#1495=EDGE_CURVE('',#1219,#1219,#193,.T.);
#1496=EDGE_CURVE('',#1220,#1220,#194,.T.);
#1497=EDGE_CURVE('',#1220,#1221,#800,.T.);
#1498=EDGE_CURVE('',#1221,#1221,#195,.T.);
#1499=EDGE_CURVE('',#1222,#1222,#196,.T.);
#1500=EDGE_CURVE('',#1222,#1223,#801,.T.);
#1501=EDGE_CURVE('',#1223,#1223,#197,.T.);
#1502=EDGE_CURVE('',#1224,#1224,#198,.T.);
#1503=EDGE_CURVE('',#1224,#1225,#802,.T.);
#1504=EDGE_CURVE('',#1225,#1225,#199,.T.);
#1505=EDGE_CURVE('',#1226,#1226,#200,.T.);
#1506=EDGE_CURVE('',#1226,#1227,#803,.T.);
#1507=EDGE_CURVE('',#1227,#1227,#201,.T.);
#1508=EDGE_CURVE('',#1228,#1228,#202,.T.);
#1509=EDGE_CURVE('',#1228,#1229,#804,.T.);
#1510=EDGE_CURVE('',#1229,#1229,#203,.T.);
#1511=EDGE_CURVE('',#1230,#1230,#204,.T.);
#1512=EDGE_CURVE('',#1230,#1231,#805,.T.);
#1513=EDGE_CURVE('',#1231,#1231,#205,.T.);
#1514=EDGE_CURVE('',#1232,#1232,#206,.T.);
#1515=EDGE_CURVE('',#1232,#1233,#806,.T.);
#1516=EDGE_CURVE('',#1233,#1233,#207,.T.);
#1517=EDGE_CURVE('',#1234,#1234,#208,.T.);
#1518=EDGE_CURVE('',#1234,#1235,#807,.T.);
#1519=EDGE_CURVE('',#1235,#1235,#209,.T.);
#1520=EDGE_CURVE('',#1236,#1237,#808,.T.);
#1521=EDGE_CURVE('',#1237,#1238,#809,.T.);
#1522=EDGE_CURVE('',#1239,#1238,#810,.T.);
#1523=EDGE_CURVE('',#1236,#1239,#811,.T.);
#1524=EDGE_CURVE('',#1240,#1236,#812,.T.);
#1525=EDGE_CURVE('',#1241,#1239,#813,.T.);
#1526=EDGE_CURVE('',#1240,#1241,#814,.T.);
#1527=EDGE_CURVE('',#1242,#1240,#815,.T.);
#1528=EDGE_CURVE('',#1243,#1241,#816,.T.);
#1529=EDGE_CURVE('',#1242,#1243,#817,.T.);
#1530=EDGE_CURVE('',#1237,#1242,#818,.T.);
#1531=EDGE_CURVE('',#1238,#1243,#819,.T.);
#1532=EDGE_CURVE('',#1244,#1244,#210,.T.);
#1533=EDGE_CURVE('',#1244,#1245,#820,.T.);
#1534=EDGE_CURVE('',#1245,#1245,#211,.T.);
#1535=EDGE_CURVE('',#1246,#1247,#821,.T.);
#1536=EDGE_CURVE('',#1246,#1248,#822,.T.);
#1537=EDGE_CURVE('',#1249,#1248,#823,.T.);
#1538=EDGE_CURVE('',#1247,#1249,#824,.T.);
#1539=EDGE_CURVE('',#1247,#1250,#825,.T.);
#1540=EDGE_CURVE('',#1251,#1249,#826,.T.);
#1541=EDGE_CURVE('',#1250,#1251,#827,.T.);
#1542=EDGE_CURVE('',#1250,#1252,#828,.T.);
#1543=EDGE_CURVE('',#1253,#1251,#829,.T.);
#1544=EDGE_CURVE('',#1252,#1253,#830,.T.);
#1545=EDGE_CURVE('',#1252,#1246,#831,.T.);
#1546=EDGE_CURVE('',#1248,#1253,#832,.T.);
#1547=EDGE_CURVE('',#1254,#1254,#212,.T.);
#1548=EDGE_CURVE('',#1254,#1255,#833,.T.);
#1549=EDGE_CURVE('',#1255,#1255,#213,.T.);
#1550=EDGE_CURVE('',#1256,#1256,#214,.T.);
#1551=EDGE_CURVE('',#1256,#1257,#834,.T.);
#1552=EDGE_CURVE('',#1257,#1257,#215,.T.);
#1553=EDGE_CURVE('',#1258,#1258,#216,.T.);
#1554=EDGE_CURVE('',#1258,#1259,#835,.T.);
#1555=EDGE_CURVE('',#1259,#1259,#217,.T.);
#1556=EDGE_CURVE('',#1260,#1260,#218,.T.);
#1557=EDGE_CURVE('',#1260,#1261,#836,.T.);
#1558=EDGE_CURVE('',#1261,#1261,#219,.T.);
#1559=EDGE_CURVE('',#1262,#1262,#220,.T.);
#1560=EDGE_CURVE('',#1262,#1263,#837,.T.);
#1561=EDGE_CURVE('',#1263,#1263,#221,.T.);
#1562=EDGE_CURVE('',#1264,#1264,#222,.T.);
#1563=EDGE_CURVE('',#1264,#1265,#838,.T.);
#1564=EDGE_CURVE('',#1265,#1265,#223,.T.);
#1565=EDGE_CURVE('',#1266,#1266,#224,.T.);
#1566=EDGE_CURVE('',#1266,#1267,#839,.T.);
#1567=EDGE_CURVE('',#1267,#1267,#225,.T.);
#1568=EDGE_CURVE('',#1268,#1268,#226,.T.);
#1569=EDGE_CURVE('',#1268,#1269,#840,.T.);
#1570=EDGE_CURVE('',#1269,#1269,#227,.T.);
#1571=EDGE_CURVE('',#1270,#1270,#228,.T.);
#1572=EDGE_CURVE('',#1270,#1271,#841,.T.);
#1573=EDGE_CURVE('',#1271,#1271,#229,.T.);
#1574=EDGE_CURVE('',#1272,#1272,#230,.T.);
#1575=EDGE_CURVE('',#1272,#1273,#842,.T.);
#1576=EDGE_CURVE('',#1273,#1273,#231,.T.);
#1577=EDGE_CURVE('',#1274,#1275,#843,.T.);
#1578=EDGE_CURVE('',#1275,#1276,#844,.T.);
#1579=EDGE_CURVE('',#1277,#1276,#845,.T.);
#1580=EDGE_CURVE('',#1274,#1277,#846,.T.);
#1581=EDGE_CURVE('',#1278,#1274,#847,.T.);
#1582=EDGE_CURVE('',#1279,#1277,#848,.T.);
#1583=EDGE_CURVE('',#1278,#1279,#849,.T.);
#1584=EDGE_CURVE('',#1280,#1278,#850,.T.);
#1585=EDGE_CURVE('',#1281,#1279,#851,.T.);
#1586=EDGE_CURVE('',#1280,#1281,#852,.T.);
#1587=EDGE_CURVE('',#1275,#1280,#853,.T.);
#1588=EDGE_CURVE('',#1276,#1281,#854,.T.);
#1589=EDGE_CURVE('',#1282,#1282,#232,.T.);
#1590=EDGE_CURVE('',#1282,#1283,#855,.T.);
#1591=EDGE_CURVE('',#1283,#1283,#233,.T.);
#1592=EDGE_CURVE('',#1284,#1284,#234,.T.);
#1593=EDGE_CURVE('',#1284,#1285,#856,.T.);
#1594=EDGE_CURVE('',#1285,#1285,#235,.T.);
#1595=EDGE_CURVE('',#1286,#1286,#236,.T.);
#1596=EDGE_CURVE('',#1286,#1287,#857,.T.);
#1597=EDGE_CURVE('',#1287,#1287,#237,.T.);
#1598=EDGE_CURVE('',#1288,#1288,#238,.T.);
#1599=EDGE_CURVE('',#1288,#1289,#858,.T.);
#1600=EDGE_CURVE('',#1289,#1289,#239,.T.);
#1601=EDGE_CURVE('',#1290,#1291,#859,.T.);
#1602=EDGE_CURVE('',#1290,#1292,#860,.T.);
#1603=EDGE_CURVE('',#1293,#1292,#861,.T.);
#1604=EDGE_CURVE('',#1291,#1293,#862,.T.);
#1605=EDGE_CURVE('',#1291,#1294,#863,.T.);
#1606=EDGE_CURVE('',#1295,#1293,#864,.T.);
#1607=EDGE_CURVE('',#1294,#1295,#865,.T.);
#1608=EDGE_CURVE('',#1294,#1296,#866,.T.);
#1609=EDGE_CURVE('',#1297,#1295,#867,.T.);
#1610=EDGE_CURVE('',#1296,#1297,#868,.T.);
#1611=EDGE_CURVE('',#1296,#1290,#869,.T.);
#1612=EDGE_CURVE('',#1292,#1297,#870,.T.);
#1613=EDGE_CURVE('',#1298,#1298,#240,.T.);
#1614=EDGE_CURVE('',#1298,#1299,#871,.T.);
#1615=EDGE_CURVE('',#1299,#1299,#241,.T.);
#1616=EDGE_CURVE('',#1300,#1300,#242,.T.);
#1617=EDGE_CURVE('',#1300,#1301,#872,.T.);
#1618=EDGE_CURVE('',#1301,#1301,#243,.T.);
#1619=EDGE_CURVE('',#1302,#1302,#244,.T.);
#1620=EDGE_CURVE('',#1302,#1303,#873,.T.);
#1621=EDGE_CURVE('',#1303,#1303,#245,.T.);
#1622=EDGE_CURVE('',#1304,#1304,#246,.T.);
#1623=EDGE_CURVE('',#1304,#1305,#874,.T.);
#1624=EDGE_CURVE('',#1305,#1305,#247,.T.);
#1625=EDGE_CURVE('',#1306,#1306,#248,.T.);
#1626=EDGE_CURVE('',#1306,#1307,#875,.T.);
#1627=EDGE_CURVE('',#1307,#1307,#249,.T.);
#1628=EDGE_CURVE('',#1308,#1308,#25,.T.);
#1629=EDGE_CURVE('',#1308,#1309,#876,.T.);
#1630=EDGE_CURVE('',#1309,#1309,#26,.T.);
#1631=EDGE_CURVE('',#1310,#1310,#250,.T.);
#1632=EDGE_CURVE('',#1310,#1311,#877,.T.);
#1633=EDGE_CURVE('',#1311,#1311,#251,.T.);
#1634=EDGE_CURVE('',#1312,#1312,#252,.T.);
#1635=EDGE_CURVE('',#1312,#1313,#878,.T.);
#1636=EDGE_CURVE('',#1313,#1313,#253,.T.);
#1637=EDGE_CURVE('',#1314,#1314,#254,.T.);
#1638=EDGE_CURVE('',#1314,#1315,#879,.T.);
#1639=EDGE_CURVE('',#1315,#1315,#255,.T.);
#1640=EDGE_CURVE('',#1316,#1316,#256,.T.);
#1641=EDGE_CURVE('',#1316,#1317,#880,.T.);
#1642=EDGE_CURVE('',#1317,#1317,#257,.T.);
#1643=EDGE_CURVE('',#1318,#1318,#258,.T.);
#1644=EDGE_CURVE('',#1318,#1319,#881,.T.);
#1645=EDGE_CURVE('',#1319,#1319,#259,.T.);
#1646=EDGE_CURVE('',#1320,#1320,#260,.T.);
#1647=EDGE_CURVE('',#1320,#1321,#882,.T.);
#1648=EDGE_CURVE('',#1321,#1321,#261,.T.);
#1649=EDGE_CURVE('',#1322,#1322,#262,.T.);
#1650=EDGE_CURVE('',#1322,#1323,#883,.T.);
#1651=EDGE_CURVE('',#1323,#1323,#263,.T.);
#1652=EDGE_CURVE('',#1324,#1324,#264,.T.);
#1653=EDGE_CURVE('',#1324,#1325,#884,.T.);
#1654=EDGE_CURVE('',#1325,#1325,#265,.T.);
#1655=EDGE_CURVE('',#1326,#1327,#885,.T.);
#1656=EDGE_CURVE('',#1327,#1328,#886,.T.);
#1657=EDGE_CURVE('',#1329,#1328,#887,.T.);
#1658=EDGE_CURVE('',#1326,#1329,#888,.T.);
#1659=EDGE_CURVE('',#1330,#1326,#889,.T.);
#1660=EDGE_CURVE('',#1331,#1329,#890,.T.);
#1661=EDGE_CURVE('',#1330,#1331,#891,.T.);
#1662=EDGE_CURVE('',#1332,#1330,#892,.T.);
#1663=EDGE_CURVE('',#1333,#1331,#893,.T.);
#1664=EDGE_CURVE('',#1332,#1333,#894,.T.);
#1665=EDGE_CURVE('',#1327,#1332,#895,.T.);
#1666=EDGE_CURVE('',#1328,#1333,#896,.T.);
#1667=ORIENTED_EDGE('',*,*,#1334,.T.);
#1668=ORIENTED_EDGE('',*,*,#1335,.F.);
#1669=ORIENTED_EDGE('',*,*,#1336,.F.);
#1670=ORIENTED_EDGE('',*,*,#1337,.F.);
#1671=ORIENTED_EDGE('',*,*,#1338,.T.);
#1672=ORIENTED_EDGE('',*,*,#1337,.T.);
#1673=ORIENTED_EDGE('',*,*,#1339,.F.);
#1674=ORIENTED_EDGE('',*,*,#1340,.F.);
#1675=ORIENTED_EDGE('',*,*,#1341,.T.);
#1676=ORIENTED_EDGE('',*,*,#1340,.T.);
#1677=ORIENTED_EDGE('',*,*,#1342,.F.);
#1678=ORIENTED_EDGE('',*,*,#1343,.F.);
#1679=ORIENTED_EDGE('',*,*,#1343,.T.);
#1680=ORIENTED_EDGE('',*,*,#1344,.T.);
#1681=ORIENTED_EDGE('',*,*,#1345,.T.);
#1682=ORIENTED_EDGE('',*,*,#1346,.F.);
#1683=ORIENTED_EDGE('',*,*,#1335,.T.);
#1684=ORIENTED_EDGE('',*,*,#1347,.F.);
#1685=ORIENTED_EDGE('',*,*,#1348,.F.);
#1686=ORIENTED_EDGE('',*,*,#1349,.T.);
#1687=ORIENTED_EDGE('',*,*,#1350,.T.);
#1688=ORIENTED_EDGE('',*,*,#1351,.F.);
#1689=ORIENTED_EDGE('',*,*,#1352,.F.);
#1690=ORIENTED_EDGE('',*,*,#1353,.F.);
#1691=ORIENTED_EDGE('',*,*,#1354,.T.);
#1692=ORIENTED_EDGE('',*,*,#1353,.T.);
#1693=ORIENTED_EDGE('',*,*,#1355,.F.);
#1694=ORIENTED_EDGE('',*,*,#1356,.F.);
#1695=ORIENTED_EDGE('',*,*,#1357,.T.);
#1696=ORIENTED_EDGE('',*,*,#1356,.T.);
#1697=ORIENTED_EDGE('',*,*,#1358,.F.);
#1698=ORIENTED_EDGE('',*,*,#1359,.F.);
#1699=ORIENTED_EDGE('',*,*,#1359,.T.);
#1700=ORIENTED_EDGE('',*,*,#1360,.T.);
#1701=ORIENTED_EDGE('',*,*,#1361,.T.);
#1702=ORIENTED_EDGE('',*,*,#1362,.F.);
#1703=ORIENTED_EDGE('',*,*,#1351,.T.);
#1704=ORIENTED_EDGE('',*,*,#1363,.F.);
#1705=ORIENTED_EDGE('',*,*,#1364,.F.);
#1706=ORIENTED_EDGE('',*,*,#1365,.T.);
#1707=ORIENTED_EDGE('',*,*,#1366,.T.);
#1708=ORIENTED_EDGE('',*,*,#1367,.F.);
#1709=ORIENTED_EDGE('',*,*,#1368,.F.);
#1710=ORIENTED_EDGE('',*,*,#1369,.F.);
#1711=ORIENTED_EDGE('',*,*,#1370,.T.);
#1712=ORIENTED_EDGE('',*,*,#1369,.T.);
#1713=ORIENTED_EDGE('',*,*,#1371,.F.);
#1714=ORIENTED_EDGE('',*,*,#1372,.F.);
#1715=ORIENTED_EDGE('',*,*,#1373,.T.);
#1716=ORIENTED_EDGE('',*,*,#1372,.T.);
#1717=ORIENTED_EDGE('',*,*,#1374,.F.);
#1718=ORIENTED_EDGE('',*,*,#1375,.F.);
#1719=ORIENTED_EDGE('',*,*,#1367,.T.);
#1720=ORIENTED_EDGE('',*,*,#1376,.F.);
#1721=ORIENTED_EDGE('',*,*,#1345,.F.);
#1722=ORIENTED_EDGE('',*,*,#1377,.T.);
#1723=ORIENTED_EDGE('',*,*,#1375,.T.);
#1724=ORIENTED_EDGE('',*,*,#1378,.T.);
#1725=ORIENTED_EDGE('',*,*,#1364,.T.);
#1726=ORIENTED_EDGE('',*,*,#1379,.F.);
#1727=ORIENTED_EDGE('',*,*,#1380,.T.);
#1728=ORIENTED_EDGE('',*,*,#1381,.F.);
#1729=ORIENTED_EDGE('',*,*,#1382,.F.);
#1730=ORIENTED_EDGE('',*,*,#1383,.F.);
#1731=ORIENTED_EDGE('',*,*,#1384,.T.);
#1732=ORIENTED_EDGE('',*,*,#1383,.T.);
#1733=ORIENTED_EDGE('',*,*,#1385,.F.);
#1734=ORIENTED_EDGE('',*,*,#1386,.F.);
#1735=ORIENTED_EDGE('',*,*,#1387,.T.);
#1736=ORIENTED_EDGE('',*,*,#1386,.T.);
#1737=ORIENTED_EDGE('',*,*,#1388,.F.);
#1738=ORIENTED_EDGE('',*,*,#1389,.F.);
#1739=ORIENTED_EDGE('',*,*,#1389,.T.);
#1740=ORIENTED_EDGE('',*,*,#1390,.T.);
#1741=ORIENTED_EDGE('',*,*,#1348,.T.);
#1742=ORIENTED_EDGE('',*,*,#1391,.F.);
#1743=ORIENTED_EDGE('',*,*,#1381,.T.);
#1744=ORIENTED_EDGE('',*,*,#1392,.F.);
#1745=ORIENTED_EDGE('',*,*,#1361,.F.);
#1746=ORIENTED_EDGE('',*,*,#1393,.T.);
#1747=ORIENTED_EDGE('',*,*,#1394,.F.);
#1748=ORIENTED_EDGE('',*,*,#1395,.T.);
#1749=ORIENTED_EDGE('',*,*,#1396,.T.);
#1750=ORIENTED_EDGE('',*,*,#1395,.F.);
#1751=ORIENTED_EDGE('',*,*,#1397,.F.);
#1752=ORIENTED_EDGE('',*,*,#1398,.T.);
#1753=ORIENTED_EDGE('',*,*,#1399,.T.);
#1754=ORIENTED_EDGE('',*,*,#1398,.F.);
#1755=ORIENTED_EDGE('',*,*,#1400,.F.);
#1756=ORIENTED_EDGE('',*,*,#1401,.T.);
#1757=ORIENTED_EDGE('',*,*,#1402,.T.);
#1758=ORIENTED_EDGE('',*,*,#1401,.F.);
#1759=ORIENTED_EDGE('',*,*,#1403,.F.);
#1760=ORIENTED_EDGE('',*,*,#1404,.T.);
#1761=ORIENTED_EDGE('',*,*,#1405,.T.);
#1762=ORIENTED_EDGE('',*,*,#1404,.F.);
#1763=ORIENTED_EDGE('',*,*,#1347,.T.);
#1764=ORIENTED_EDGE('',*,*,#1334,.F.);
#1765=ORIENTED_EDGE('',*,*,#1338,.F.);
#1766=ORIENTED_EDGE('',*,*,#1341,.F.);
#1767=ORIENTED_EDGE('',*,*,#1346,.T.);
#1768=ORIENTED_EDGE('',*,*,#1376,.T.);
#1769=ORIENTED_EDGE('',*,*,#1366,.F.);
#1770=ORIENTED_EDGE('',*,*,#1370,.F.);
#1771=ORIENTED_EDGE('',*,*,#1373,.F.);
#1772=ORIENTED_EDGE('',*,*,#1379,.T.);
#1773=ORIENTED_EDGE('',*,*,#1363,.T.);
#1774=ORIENTED_EDGE('',*,*,#1350,.F.);
#1775=ORIENTED_EDGE('',*,*,#1354,.F.);
#1776=ORIENTED_EDGE('',*,*,#1357,.F.);
#1777=ORIENTED_EDGE('',*,*,#1362,.T.);
#1778=ORIENTED_EDGE('',*,*,#1392,.T.);
#1779=ORIENTED_EDGE('',*,*,#1380,.F.);
#1780=ORIENTED_EDGE('',*,*,#1384,.F.);
#1781=ORIENTED_EDGE('',*,*,#1387,.F.);
#1782=ORIENTED_EDGE('',*,*,#1391,.T.);
#1783=ORIENTED_EDGE('',*,*,#1403,.T.);
#1784=ORIENTED_EDGE('',*,*,#1400,.T.);
#1785=ORIENTED_EDGE('',*,*,#1397,.T.);
#1786=ORIENTED_EDGE('',*,*,#1394,.T.);
#1787=ORIENTED_EDGE('',*,*,#1349,.F.);
#1788=ORIENTED_EDGE('',*,*,#1390,.F.);
#1789=ORIENTED_EDGE('',*,*,#1388,.T.);
#1790=ORIENTED_EDGE('',*,*,#1385,.T.);
#1791=ORIENTED_EDGE('',*,*,#1382,.T.);
#1792=ORIENTED_EDGE('',*,*,#1393,.F.);
#1793=ORIENTED_EDGE('',*,*,#1360,.F.);
#1794=ORIENTED_EDGE('',*,*,#1358,.T.);
#1795=ORIENTED_EDGE('',*,*,#1355,.T.);
#1796=ORIENTED_EDGE('',*,*,#1352,.T.);
#1797=ORIENTED_EDGE('',*,*,#1365,.F.);
#1798=ORIENTED_EDGE('',*,*,#1378,.F.);
#1799=ORIENTED_EDGE('',*,*,#1374,.T.);
#1800=ORIENTED_EDGE('',*,*,#1371,.T.);
#1801=ORIENTED_EDGE('',*,*,#1368,.T.);
#1802=ORIENTED_EDGE('',*,*,#1377,.F.);
#1803=ORIENTED_EDGE('',*,*,#1344,.F.);
#1804=ORIENTED_EDGE('',*,*,#1342,.T.);
#1805=ORIENTED_EDGE('',*,*,#1339,.T.);
#1806=ORIENTED_EDGE('',*,*,#1336,.T.);
#1807=ORIENTED_EDGE('',*,*,#1405,.F.);
#1808=ORIENTED_EDGE('',*,*,#1402,.F.);
#1809=ORIENTED_EDGE('',*,*,#1399,.F.);
#1810=ORIENTED_EDGE('',*,*,#1396,.F.);
#1811=ORIENTED_EDGE('',*,*,#1406,.F.);
#1812=ORIENTED_EDGE('',*,*,#1407,.F.);
#1813=ORIENTED_EDGE('',*,*,#1408,.F.);
#1814=ORIENTED_EDGE('',*,*,#1409,.F.);
#1815=ORIENTED_EDGE('',*,*,#1410,.F.);
#1816=ORIENTED_EDGE('',*,*,#1411,.F.);
#1817=ORIENTED_EDGE('',*,*,#1412,.F.);
#1818=ORIENTED_EDGE('',*,*,#1413,.F.);
#1819=ORIENTED_EDGE('',*,*,#1414,.F.);
#1820=ORIENTED_EDGE('',*,*,#1415,.F.);
#1821=ORIENTED_EDGE('',*,*,#1416,.F.);
#1822=ORIENTED_EDGE('',*,*,#1417,.F.);
#1823=ORIENTED_EDGE('',*,*,#1418,.F.);
#1824=ORIENTED_EDGE('',*,*,#1419,.F.);
#1825=ORIENTED_EDGE('',*,*,#1420,.F.);
#1826=ORIENTED_EDGE('',*,*,#1421,.F.);
#1827=ORIENTED_EDGE('',*,*,#1409,.T.);
#1828=ORIENTED_EDGE('',*,*,#1422,.T.);
#1829=ORIENTED_EDGE('',*,*,#1423,.T.);
#1830=ORIENTED_EDGE('',*,*,#1424,.F.);
#1831=ORIENTED_EDGE('',*,*,#1407,.T.);
#1832=ORIENTED_EDGE('',*,*,#1425,.F.);
#1833=ORIENTED_EDGE('',*,*,#1426,.F.);
#1834=ORIENTED_EDGE('',*,*,#1427,.T.);
#1835=ORIENTED_EDGE('',*,*,#1413,.T.);
#1836=ORIENTED_EDGE('',*,*,#1428,.T.);
#1837=ORIENTED_EDGE('',*,*,#1429,.T.);
#1838=ORIENTED_EDGE('',*,*,#1430,.F.);
#1839=ORIENTED_EDGE('',*,*,#1411,.T.);
#1840=ORIENTED_EDGE('',*,*,#1431,.F.);
#1841=ORIENTED_EDGE('',*,*,#1423,.F.);
#1842=ORIENTED_EDGE('',*,*,#1432,.T.);
#1843=ORIENTED_EDGE('',*,*,#1417,.T.);
#1844=ORIENTED_EDGE('',*,*,#1433,.T.);
#1845=ORIENTED_EDGE('',*,*,#1426,.T.);
#1846=ORIENTED_EDGE('',*,*,#1434,.F.);
#1847=ORIENTED_EDGE('',*,*,#1415,.T.);
#1848=ORIENTED_EDGE('',*,*,#1435,.F.);
#1849=ORIENTED_EDGE('',*,*,#1436,.F.);
#1850=ORIENTED_EDGE('',*,*,#1437,.T.);
#1851=ORIENTED_EDGE('',*,*,#1408,.T.);
#1852=ORIENTED_EDGE('',*,*,#1427,.F.);
#1853=ORIENTED_EDGE('',*,*,#1433,.F.);
#1854=ORIENTED_EDGE('',*,*,#1416,.T.);
#1855=ORIENTED_EDGE('',*,*,#1437,.F.);
#1856=ORIENTED_EDGE('',*,*,#1438,.F.);
#1857=ORIENTED_EDGE('',*,*,#1420,.T.);
#1858=ORIENTED_EDGE('',*,*,#1439,.F.);
#1859=ORIENTED_EDGE('',*,*,#1428,.F.);
#1860=ORIENTED_EDGE('',*,*,#1412,.T.);
#1861=ORIENTED_EDGE('',*,*,#1432,.F.);
#1862=ORIENTED_EDGE('',*,*,#1422,.F.);
#1863=ORIENTED_EDGE('',*,*,#1440,.T.);
#1864=ORIENTED_EDGE('',*,*,#1441,.T.);
#1865=ORIENTED_EDGE('',*,*,#1442,.T.);
#1866=ORIENTED_EDGE('',*,*,#1443,.T.);
#1867=ORIENTED_EDGE('',*,*,#1444,.F.);
#1868=ORIENTED_EDGE('',*,*,#1445,.F.);
#1869=ORIENTED_EDGE('',*,*,#1446,.F.);
#1870=ORIENTED_EDGE('',*,*,#1447,.F.);
#1871=ORIENTED_EDGE('',*,*,#1448,.F.);
#1872=ORIENTED_EDGE('',*,*,#1406,.T.);
#1873=ORIENTED_EDGE('',*,*,#1424,.T.);
#1874=ORIENTED_EDGE('',*,*,#1431,.T.);
#1875=ORIENTED_EDGE('',*,*,#1410,.T.);
#1876=ORIENTED_EDGE('',*,*,#1430,.T.);
#1877=ORIENTED_EDGE('',*,*,#1449,.T.);
#1878=ORIENTED_EDGE('',*,*,#1418,.T.);
#1879=ORIENTED_EDGE('',*,*,#1450,.T.);
#1880=ORIENTED_EDGE('',*,*,#1435,.T.);
#1881=ORIENTED_EDGE('',*,*,#1414,.T.);
#1882=ORIENTED_EDGE('',*,*,#1434,.T.);
#1883=ORIENTED_EDGE('',*,*,#1425,.T.);
#1884=ORIENTED_EDGE('',*,*,#1451,.T.);
#1885=ORIENTED_EDGE('',*,*,#1452,.T.);
#1886=ORIENTED_EDGE('',*,*,#1453,.T.);
#1887=ORIENTED_EDGE('',*,*,#1454,.T.);
#1888=ORIENTED_EDGE('',*,*,#1455,.T.);
#1889=ORIENTED_EDGE('',*,*,#1456,.T.);
#1890=ORIENTED_EDGE('',*,*,#1457,.T.);
#1891=ORIENTED_EDGE('',*,*,#1458,.T.);
#1892=ORIENTED_EDGE('',*,*,#1459,.T.);
#1893=ORIENTED_EDGE('',*,*,#1421,.T.);
#1894=ORIENTED_EDGE('',*,*,#1438,.T.);
#1895=ORIENTED_EDGE('',*,*,#1436,.T.);
#1896=ORIENTED_EDGE('',*,*,#1450,.F.);
#1897=ORIENTED_EDGE('',*,*,#1419,.T.);
#1898=ORIENTED_EDGE('',*,*,#1449,.F.);
#1899=ORIENTED_EDGE('',*,*,#1429,.F.);
#1900=ORIENTED_EDGE('',*,*,#1439,.T.);
#1901=ORIENTED_EDGE('',*,*,#1451,.F.);
#1902=ORIENTED_EDGE('',*,*,#1460,.T.);
#1903=ORIENTED_EDGE('',*,*,#1440,.F.);
#1904=ORIENTED_EDGE('',*,*,#1460,.F.);
#1905=ORIENTED_EDGE('',*,*,#1452,.F.);
#1906=ORIENTED_EDGE('',*,*,#1461,.T.);
#1907=ORIENTED_EDGE('',*,*,#1441,.F.);
#1908=ORIENTED_EDGE('',*,*,#1461,.F.);
#1909=ORIENTED_EDGE('',*,*,#1453,.F.);
#1910=ORIENTED_EDGE('',*,*,#1462,.T.);
#1911=ORIENTED_EDGE('',*,*,#1442,.F.);
#1912=ORIENTED_EDGE('',*,*,#1462,.F.);
#1913=ORIENTED_EDGE('',*,*,#1454,.F.);
#1914=ORIENTED_EDGE('',*,*,#1463,.T.);
#1915=ORIENTED_EDGE('',*,*,#1443,.F.);
#1916=ORIENTED_EDGE('',*,*,#1463,.F.);
#1917=ORIENTED_EDGE('',*,*,#1459,.F.);
#1918=ORIENTED_EDGE('',*,*,#1464,.T.);
#1919=ORIENTED_EDGE('',*,*,#1448,.T.);
#1920=ORIENTED_EDGE('',*,*,#1464,.F.);
#1921=ORIENTED_EDGE('',*,*,#1458,.F.);
#1922=ORIENTED_EDGE('',*,*,#1465,.T.);
#1923=ORIENTED_EDGE('',*,*,#1447,.T.);
#1924=ORIENTED_EDGE('',*,*,#1465,.F.);
#1925=ORIENTED_EDGE('',*,*,#1457,.F.);
#1926=ORIENTED_EDGE('',*,*,#1466,.T.);
#1927=ORIENTED_EDGE('',*,*,#1446,.T.);
#1928=ORIENTED_EDGE('',*,*,#1466,.F.);
#1929=ORIENTED_EDGE('',*,*,#1456,.F.);
#1930=ORIENTED_EDGE('',*,*,#1467,.T.);
#1931=ORIENTED_EDGE('',*,*,#1445,.T.);
#1932=ORIENTED_EDGE('',*,*,#1467,.F.);
#1933=ORIENTED_EDGE('',*,*,#1455,.F.);
#1934=ORIENTED_EDGE('',*,*,#1468,.T.);
#1935=ORIENTED_EDGE('',*,*,#1444,.T.);
#1936=ORIENTED_EDGE('',*,*,#1468,.F.);
#1937=ORIENTED_EDGE('',*,*,#1469,.F.);
#1938=ORIENTED_EDGE('',*,*,#1470,.T.);
#1939=ORIENTED_EDGE('',*,*,#1471,.T.);
#1940=ORIENTED_EDGE('',*,*,#1470,.F.);
#1941=ORIENTED_EDGE('',*,*,#1472,.F.);
#1942=ORIENTED_EDGE('',*,*,#1473,.T.);
#1943=ORIENTED_EDGE('',*,*,#1474,.T.);
#1944=ORIENTED_EDGE('',*,*,#1473,.F.);
#1945=ORIENTED_EDGE('',*,*,#1475,.F.);
#1946=ORIENTED_EDGE('',*,*,#1476,.T.);
#1947=ORIENTED_EDGE('',*,*,#1477,.T.);
#1948=ORIENTED_EDGE('',*,*,#1476,.F.);
#1949=ORIENTED_EDGE('',*,*,#1478,.F.);
#1950=ORIENTED_EDGE('',*,*,#1479,.T.);
#1951=ORIENTED_EDGE('',*,*,#1480,.T.);
#1952=ORIENTED_EDGE('',*,*,#1479,.F.);
#1953=ORIENTED_EDGE('',*,*,#1481,.T.);
#1954=ORIENTED_EDGE('',*,*,#1482,.T.);
#1955=ORIENTED_EDGE('',*,*,#1483,.F.);
#1956=ORIENTED_EDGE('',*,*,#1484,.F.);
#1957=ORIENTED_EDGE('',*,*,#1485,.T.);
#1958=ORIENTED_EDGE('',*,*,#1484,.T.);
#1959=ORIENTED_EDGE('',*,*,#1486,.F.);
#1960=ORIENTED_EDGE('',*,*,#1487,.F.);
#1961=ORIENTED_EDGE('',*,*,#1488,.T.);
#1962=ORIENTED_EDGE('',*,*,#1487,.T.);
#1963=ORIENTED_EDGE('',*,*,#1489,.F.);
#1964=ORIENTED_EDGE('',*,*,#1490,.F.);
#1965=ORIENTED_EDGE('',*,*,#1491,.T.);
#1966=ORIENTED_EDGE('',*,*,#1490,.T.);
#1967=ORIENTED_EDGE('',*,*,#1492,.F.);
#1968=ORIENTED_EDGE('',*,*,#1482,.F.);
#1969=ORIENTED_EDGE('',*,*,#1492,.T.);
#1970=ORIENTED_EDGE('',*,*,#1489,.T.);
#1971=ORIENTED_EDGE('',*,*,#1486,.T.);
#1972=ORIENTED_EDGE('',*,*,#1483,.T.);
#1973=ORIENTED_EDGE('',*,*,#1478,.T.);
#1974=ORIENTED_EDGE('',*,*,#1475,.T.);
#1975=ORIENTED_EDGE('',*,*,#1472,.T.);
#1976=ORIENTED_EDGE('',*,*,#1469,.T.);
#1977=ORIENTED_EDGE('',*,*,#1491,.F.);
#1978=ORIENTED_EDGE('',*,*,#1481,.F.);
#1979=ORIENTED_EDGE('',*,*,#1485,.F.);
#1980=ORIENTED_EDGE('',*,*,#1488,.F.);
#1981=ORIENTED_EDGE('',*,*,#1480,.F.);
#1982=ORIENTED_EDGE('',*,*,#1477,.F.);
#1983=ORIENTED_EDGE('',*,*,#1474,.F.);
#1984=ORIENTED_EDGE('',*,*,#1471,.F.);
#1985=ORIENTED_EDGE('',*,*,#1493,.F.);
#1986=ORIENTED_EDGE('',*,*,#1494,.T.);
#1987=ORIENTED_EDGE('',*,*,#1495,.F.);
#1988=ORIENTED_EDGE('',*,*,#1494,.F.);
#1989=ORIENTED_EDGE('',*,*,#1496,.F.);
#1990=ORIENTED_EDGE('',*,*,#1497,.T.);
#1991=ORIENTED_EDGE('',*,*,#1498,.F.);
#1992=ORIENTED_EDGE('',*,*,#1497,.F.);
#1993=ORIENTED_EDGE('',*,*,#1499,.F.);
#1994=ORIENTED_EDGE('',*,*,#1500,.T.);
#1995=ORIENTED_EDGE('',*,*,#1501,.T.);
#1996=ORIENTED_EDGE('',*,*,#1500,.F.);
#1997=ORIENTED_EDGE('',*,*,#1502,.F.);
#1998=ORIENTED_EDGE('',*,*,#1503,.T.);
#1999=ORIENTED_EDGE('',*,*,#1504,.T.);
#2000=ORIENTED_EDGE('',*,*,#1503,.F.);
#2001=ORIENTED_EDGE('',*,*,#1505,.F.);
#2002=ORIENTED_EDGE('',*,*,#1506,.T.);
#2003=ORIENTED_EDGE('',*,*,#1507,.T.);
#2004=ORIENTED_EDGE('',*,*,#1506,.F.);
#2005=ORIENTED_EDGE('',*,*,#1508,.F.);
#2006=ORIENTED_EDGE('',*,*,#1509,.T.);
#2007=ORIENTED_EDGE('',*,*,#1510,.T.);
#2008=ORIENTED_EDGE('',*,*,#1509,.F.);
#2009=ORIENTED_EDGE('',*,*,#1511,.F.);
#2010=ORIENTED_EDGE('',*,*,#1512,.T.);
#2011=ORIENTED_EDGE('',*,*,#1513,.T.);
#2012=ORIENTED_EDGE('',*,*,#1512,.F.);
#2013=ORIENTED_EDGE('',*,*,#1514,.F.);
#2014=ORIENTED_EDGE('',*,*,#1515,.T.);
#2015=ORIENTED_EDGE('',*,*,#1516,.T.);
#2016=ORIENTED_EDGE('',*,*,#1515,.F.);
#2017=ORIENTED_EDGE('',*,*,#1517,.F.);
#2018=ORIENTED_EDGE('',*,*,#1518,.T.);
#2019=ORIENTED_EDGE('',*,*,#1519,.T.);
#2020=ORIENTED_EDGE('',*,*,#1518,.F.);
#2021=ORIENTED_EDGE('',*,*,#1520,.T.);
#2022=ORIENTED_EDGE('',*,*,#1521,.T.);
#2023=ORIENTED_EDGE('',*,*,#1522,.F.);
#2024=ORIENTED_EDGE('',*,*,#1523,.F.);
#2025=ORIENTED_EDGE('',*,*,#1524,.T.);
#2026=ORIENTED_EDGE('',*,*,#1523,.T.);
#2027=ORIENTED_EDGE('',*,*,#1525,.F.);
#2028=ORIENTED_EDGE('',*,*,#1526,.F.);
#2029=ORIENTED_EDGE('',*,*,#1527,.T.);
#2030=ORIENTED_EDGE('',*,*,#1526,.T.);
#2031=ORIENTED_EDGE('',*,*,#1528,.F.);
#2032=ORIENTED_EDGE('',*,*,#1529,.F.);
#2033=ORIENTED_EDGE('',*,*,#1530,.T.);
#2034=ORIENTED_EDGE('',*,*,#1529,.T.);
#2035=ORIENTED_EDGE('',*,*,#1531,.F.);
#2036=ORIENTED_EDGE('',*,*,#1521,.F.);
#2037=ORIENTED_EDGE('',*,*,#1532,.F.);
#2038=ORIENTED_EDGE('',*,*,#1533,.T.);
#2039=ORIENTED_EDGE('',*,*,#1534,.T.);
#2040=ORIENTED_EDGE('',*,*,#1533,.F.);
#2041=ORIENTED_EDGE('',*,*,#1535,.F.);
#2042=ORIENTED_EDGE('',*,*,#1536,.T.);
#2043=ORIENTED_EDGE('',*,*,#1537,.F.);
#2044=ORIENTED_EDGE('',*,*,#1538,.F.);
#2045=ORIENTED_EDGE('',*,*,#1539,.F.);
#2046=ORIENTED_EDGE('',*,*,#1538,.T.);
#2047=ORIENTED_EDGE('',*,*,#1540,.F.);
#2048=ORIENTED_EDGE('',*,*,#1541,.F.);
#2049=ORIENTED_EDGE('',*,*,#1542,.F.);
#2050=ORIENTED_EDGE('',*,*,#1541,.T.);
#2051=ORIENTED_EDGE('',*,*,#1543,.F.);
#2052=ORIENTED_EDGE('',*,*,#1544,.F.);
#2053=ORIENTED_EDGE('',*,*,#1545,.F.);
#2054=ORIENTED_EDGE('',*,*,#1544,.T.);
#2055=ORIENTED_EDGE('',*,*,#1546,.F.);
#2056=ORIENTED_EDGE('',*,*,#1536,.F.);
#2057=ORIENTED_EDGE('',*,*,#1546,.T.);
#2058=ORIENTED_EDGE('',*,*,#1543,.T.);
#2059=ORIENTED_EDGE('',*,*,#1540,.T.);
#2060=ORIENTED_EDGE('',*,*,#1537,.T.);
#2061=ORIENTED_EDGE('',*,*,#1499,.T.);
#2062=ORIENTED_EDGE('',*,*,#1502,.T.);
#2063=ORIENTED_EDGE('',*,*,#1505,.T.);
#2064=ORIENTED_EDGE('',*,*,#1508,.T.);
#2065=ORIENTED_EDGE('',*,*,#1511,.T.);
#2066=ORIENTED_EDGE('',*,*,#1514,.T.);
#2067=ORIENTED_EDGE('',*,*,#1517,.T.);
#2068=ORIENTED_EDGE('',*,*,#1531,.T.);
#2069=ORIENTED_EDGE('',*,*,#1528,.T.);
#2070=ORIENTED_EDGE('',*,*,#1525,.T.);
#2071=ORIENTED_EDGE('',*,*,#1522,.T.);
#2072=ORIENTED_EDGE('',*,*,#1532,.T.);
#2073=ORIENTED_EDGE('',*,*,#1496,.T.);
#2074=ORIENTED_EDGE('',*,*,#1493,.T.);
#2075=ORIENTED_EDGE('',*,*,#1545,.T.);
#2076=ORIENTED_EDGE('',*,*,#1535,.T.);
#2077=ORIENTED_EDGE('',*,*,#1539,.T.);
#2078=ORIENTED_EDGE('',*,*,#1542,.T.);
#2079=ORIENTED_EDGE('',*,*,#1501,.F.);
#2080=ORIENTED_EDGE('',*,*,#1504,.F.);
#2081=ORIENTED_EDGE('',*,*,#1507,.F.);
#2082=ORIENTED_EDGE('',*,*,#1510,.F.);
#2083=ORIENTED_EDGE('',*,*,#1513,.F.);
#2084=ORIENTED_EDGE('',*,*,#1516,.F.);
#2085=ORIENTED_EDGE('',*,*,#1519,.F.);
#2086=ORIENTED_EDGE('',*,*,#1530,.F.);
#2087=ORIENTED_EDGE('',*,*,#1520,.F.);
#2088=ORIENTED_EDGE('',*,*,#1524,.F.);
#2089=ORIENTED_EDGE('',*,*,#1527,.F.);
#2090=ORIENTED_EDGE('',*,*,#1534,.F.);
#2091=ORIENTED_EDGE('',*,*,#1498,.T.);
#2092=ORIENTED_EDGE('',*,*,#1495,.T.);
#2093=ORIENTED_EDGE('',*,*,#1547,.F.);
#2094=ORIENTED_EDGE('',*,*,#1548,.T.);
#2095=ORIENTED_EDGE('',*,*,#1549,.T.);
#2096=ORIENTED_EDGE('',*,*,#1548,.F.);
#2097=ORIENTED_EDGE('',*,*,#1550,.F.);
#2098=ORIENTED_EDGE('',*,*,#1551,.T.);
#2099=ORIENTED_EDGE('',*,*,#1552,.T.);
#2100=ORIENTED_EDGE('',*,*,#1551,.F.);
#2101=ORIENTED_EDGE('',*,*,#1553,.F.);
#2102=ORIENTED_EDGE('',*,*,#1554,.T.);
#2103=ORIENTED_EDGE('',*,*,#1555,.T.);
#2104=ORIENTED_EDGE('',*,*,#1554,.F.);
#2105=ORIENTED_EDGE('',*,*,#1556,.F.);
#2106=ORIENTED_EDGE('',*,*,#1557,.T.);
#2107=ORIENTED_EDGE('',*,*,#1558,.T.);
#2108=ORIENTED_EDGE('',*,*,#1557,.F.);
#2109=ORIENTED_EDGE('',*,*,#1559,.F.);
#2110=ORIENTED_EDGE('',*,*,#1560,.T.);
#2111=ORIENTED_EDGE('',*,*,#1561,.T.);
#2112=ORIENTED_EDGE('',*,*,#1560,.F.);
#2113=ORIENTED_EDGE('',*,*,#1562,.F.);
#2114=ORIENTED_EDGE('',*,*,#1563,.T.);
#2115=ORIENTED_EDGE('',*,*,#1564,.T.);
#2116=ORIENTED_EDGE('',*,*,#1563,.F.);
#2117=ORIENTED_EDGE('',*,*,#1565,.F.);
#2118=ORIENTED_EDGE('',*,*,#1566,.T.);
#2119=ORIENTED_EDGE('',*,*,#1567,.T.);
#2120=ORIENTED_EDGE('',*,*,#1566,.F.);
#2121=ORIENTED_EDGE('',*,*,#1568,.F.);
#2122=ORIENTED_EDGE('',*,*,#1569,.T.);
#2123=ORIENTED_EDGE('',*,*,#1570,.T.);
#2124=ORIENTED_EDGE('',*,*,#1569,.F.);
#2125=ORIENTED_EDGE('',*,*,#1571,.F.);
#2126=ORIENTED_EDGE('',*,*,#1572,.T.);
#2127=ORIENTED_EDGE('',*,*,#1573,.T.);
#2128=ORIENTED_EDGE('',*,*,#1572,.F.);
#2129=ORIENTED_EDGE('',*,*,#1574,.F.);
#2130=ORIENTED_EDGE('',*,*,#1575,.T.);
#2131=ORIENTED_EDGE('',*,*,#1576,.T.);
#2132=ORIENTED_EDGE('',*,*,#1575,.F.);
#2133=ORIENTED_EDGE('',*,*,#1577,.T.);
#2134=ORIENTED_EDGE('',*,*,#1578,.T.);
#2135=ORIENTED_EDGE('',*,*,#1579,.F.);
#2136=ORIENTED_EDGE('',*,*,#1580,.F.);
#2137=ORIENTED_EDGE('',*,*,#1581,.T.);
#2138=ORIENTED_EDGE('',*,*,#1580,.T.);
#2139=ORIENTED_EDGE('',*,*,#1582,.F.);
#2140=ORIENTED_EDGE('',*,*,#1583,.F.);
#2141=ORIENTED_EDGE('',*,*,#1584,.T.);
#2142=ORIENTED_EDGE('',*,*,#1583,.T.);
#2143=ORIENTED_EDGE('',*,*,#1585,.F.);
#2144=ORIENTED_EDGE('',*,*,#1586,.F.);
#2145=ORIENTED_EDGE('',*,*,#1587,.T.);
#2146=ORIENTED_EDGE('',*,*,#1586,.T.);
#2147=ORIENTED_EDGE('',*,*,#1588,.F.);
#2148=ORIENTED_EDGE('',*,*,#1578,.F.);
#2149=ORIENTED_EDGE('',*,*,#1588,.T.);
#2150=ORIENTED_EDGE('',*,*,#1585,.T.);
#2151=ORIENTED_EDGE('',*,*,#1582,.T.);
#2152=ORIENTED_EDGE('',*,*,#1579,.T.);
#2153=ORIENTED_EDGE('',*,*,#1574,.T.);
#2154=ORIENTED_EDGE('',*,*,#1571,.T.);
#2155=ORIENTED_EDGE('',*,*,#1568,.T.);
#2156=ORIENTED_EDGE('',*,*,#1565,.T.);
#2157=ORIENTED_EDGE('',*,*,#1562,.T.);
#2158=ORIENTED_EDGE('',*,*,#1559,.T.);
#2159=ORIENTED_EDGE('',*,*,#1556,.T.);
#2160=ORIENTED_EDGE('',*,*,#1553,.T.);
#2161=ORIENTED_EDGE('',*,*,#1550,.T.);
#2162=ORIENTED_EDGE('',*,*,#1547,.T.);
#2163=ORIENTED_EDGE('',*,*,#1587,.F.);
#2164=ORIENTED_EDGE('',*,*,#1577,.F.);
#2165=ORIENTED_EDGE('',*,*,#1581,.F.);
#2166=ORIENTED_EDGE('',*,*,#1584,.F.);
#2167=ORIENTED_EDGE('',*,*,#1576,.F.);
#2168=ORIENTED_EDGE('',*,*,#1573,.F.);
#2169=ORIENTED_EDGE('',*,*,#1570,.F.);
#2170=ORIENTED_EDGE('',*,*,#1567,.F.);
#2171=ORIENTED_EDGE('',*,*,#1564,.F.);
#2172=ORIENTED_EDGE('',*,*,#1561,.F.);
#2173=ORIENTED_EDGE('',*,*,#1558,.F.);
#2174=ORIENTED_EDGE('',*,*,#1555,.F.);
#2175=ORIENTED_EDGE('',*,*,#1552,.F.);
#2176=ORIENTED_EDGE('',*,*,#1549,.F.);
#2177=ORIENTED_EDGE('',*,*,#1589,.F.);
#2178=ORIENTED_EDGE('',*,*,#1590,.T.);
#2179=ORIENTED_EDGE('',*,*,#1591,.T.);
#2180=ORIENTED_EDGE('',*,*,#1590,.F.);
#2181=ORIENTED_EDGE('',*,*,#1592,.F.);
#2182=ORIENTED_EDGE('',*,*,#1593,.T.);
#2183=ORIENTED_EDGE('',*,*,#1594,.T.);
#2184=ORIENTED_EDGE('',*,*,#1593,.F.);
#2185=ORIENTED_EDGE('',*,*,#1595,.F.);
#2186=ORIENTED_EDGE('',*,*,#1596,.T.);
#2187=ORIENTED_EDGE('',*,*,#1597,.T.);
#2188=ORIENTED_EDGE('',*,*,#1596,.F.);
#2189=ORIENTED_EDGE('',*,*,#1598,.F.);
#2190=ORIENTED_EDGE('',*,*,#1599,.T.);
#2191=ORIENTED_EDGE('',*,*,#1600,.T.);
#2192=ORIENTED_EDGE('',*,*,#1599,.F.);
#2193=ORIENTED_EDGE('',*,*,#1601,.F.);
#2194=ORIENTED_EDGE('',*,*,#1602,.T.);
#2195=ORIENTED_EDGE('',*,*,#1603,.F.);
#2196=ORIENTED_EDGE('',*,*,#1604,.F.);
#2197=ORIENTED_EDGE('',*,*,#1605,.F.);
#2198=ORIENTED_EDGE('',*,*,#1604,.T.);
#2199=ORIENTED_EDGE('',*,*,#1606,.F.);
#2200=ORIENTED_EDGE('',*,*,#1607,.F.);
#2201=ORIENTED_EDGE('',*,*,#1608,.F.);
#2202=ORIENTED_EDGE('',*,*,#1607,.T.);
#2203=ORIENTED_EDGE('',*,*,#1609,.F.);
#2204=ORIENTED_EDGE('',*,*,#1610,.F.);
#2205=ORIENTED_EDGE('',*,*,#1611,.F.);
#2206=ORIENTED_EDGE('',*,*,#1610,.T.);
#2207=ORIENTED_EDGE('',*,*,#1612,.F.);
#2208=ORIENTED_EDGE('',*,*,#1602,.F.);
#2209=ORIENTED_EDGE('',*,*,#1612,.T.);
#2210=ORIENTED_EDGE('',*,*,#1609,.T.);
#2211=ORIENTED_EDGE('',*,*,#1606,.T.);
#2212=ORIENTED_EDGE('',*,*,#1603,.T.);
#2213=ORIENTED_EDGE('',*,*,#1598,.T.);
#2214=ORIENTED_EDGE('',*,*,#1595,.T.);
#2215=ORIENTED_EDGE('',*,*,#1592,.T.);
#2216=ORIENTED_EDGE('',*,*,#1589,.T.);
#2217=ORIENTED_EDGE('',*,*,#1611,.T.);
#2218=ORIENTED_EDGE('',*,*,#1601,.T.);
#2219=ORIENTED_EDGE('',*,*,#1605,.T.);
#2220=ORIENTED_EDGE('',*,*,#1608,.T.);
#2221=ORIENTED_EDGE('',*,*,#1600,.F.);
#2222=ORIENTED_EDGE('',*,*,#1597,.F.);
#2223=ORIENTED_EDGE('',*,*,#1594,.F.);
#2224=ORIENTED_EDGE('',*,*,#1591,.F.);
#2225=ORIENTED_EDGE('',*,*,#1613,.F.);
#2226=ORIENTED_EDGE('',*,*,#1614,.T.);
#2227=ORIENTED_EDGE('',*,*,#1615,.F.);
#2228=ORIENTED_EDGE('',*,*,#1614,.F.);
#2229=ORIENTED_EDGE('',*,*,#1616,.F.);
#2230=ORIENTED_EDGE('',*,*,#1617,.T.);
#2231=ORIENTED_EDGE('',*,*,#1618,.F.);
#2232=ORIENTED_EDGE('',*,*,#1617,.F.);
#2233=ORIENTED_EDGE('',*,*,#1619,.F.);
#2234=ORIENTED_EDGE('',*,*,#1620,.T.);
#2235=ORIENTED_EDGE('',*,*,#1621,.F.);
#2236=ORIENTED_EDGE('',*,*,#1620,.F.);
#2237=ORIENTED_EDGE('',*,*,#1622,.F.);
#2238=ORIENTED_EDGE('',*,*,#1623,.T.);
#2239=ORIENTED_EDGE('',*,*,#1624,.F.);
#2240=ORIENTED_EDGE('',*,*,#1623,.F.);
#2241=ORIENTED_EDGE('',*,*,#1625,.F.);
#2242=ORIENTED_EDGE('',*,*,#1626,.T.);
#2243=ORIENTED_EDGE('',*,*,#1627,.F.);
#2244=ORIENTED_EDGE('',*,*,#1626,.F.);
#2245=ORIENTED_EDGE('',*,*,#1628,.F.);
#2246=ORIENTED_EDGE('',*,*,#1629,.T.);
#2247=ORIENTED_EDGE('',*,*,#1630,.F.);
#2248=ORIENTED_EDGE('',*,*,#1629,.F.);
#2249=ORIENTED_EDGE('',*,*,#1631,.F.);
#2250=ORIENTED_EDGE('',*,*,#1632,.T.);
#2251=ORIENTED_EDGE('',*,*,#1633,.F.);
#2252=ORIENTED_EDGE('',*,*,#1632,.F.);
#2253=ORIENTED_EDGE('',*,*,#1634,.F.);
#2254=ORIENTED_EDGE('',*,*,#1635,.T.);
#2255=ORIENTED_EDGE('',*,*,#1636,.F.);
#2256=ORIENTED_EDGE('',*,*,#1635,.F.);
#2257=ORIENTED_EDGE('',*,*,#1637,.F.);
#2258=ORIENTED_EDGE('',*,*,#1638,.T.);
#2259=ORIENTED_EDGE('',*,*,#1639,.F.);
#2260=ORIENTED_EDGE('',*,*,#1638,.F.);
#2261=ORIENTED_EDGE('',*,*,#1640,.F.);
#2262=ORIENTED_EDGE('',*,*,#1641,.T.);
#2263=ORIENTED_EDGE('',*,*,#1642,.F.);
#2264=ORIENTED_EDGE('',*,*,#1641,.F.);
#2265=ORIENTED_EDGE('',*,*,#1643,.F.);
#2266=ORIENTED_EDGE('',*,*,#1644,.T.);
#2267=ORIENTED_EDGE('',*,*,#1645,.T.);
#2268=ORIENTED_EDGE('',*,*,#1644,.F.);
#2269=ORIENTED_EDGE('',*,*,#1646,.F.);
#2270=ORIENTED_EDGE('',*,*,#1647,.T.);
#2271=ORIENTED_EDGE('',*,*,#1648,.T.);
#2272=ORIENTED_EDGE('',*,*,#1647,.F.);
#2273=ORIENTED_EDGE('',*,*,#1649,.F.);
#2274=ORIENTED_EDGE('',*,*,#1650,.T.);
#2275=ORIENTED_EDGE('',*,*,#1651,.T.);
#2276=ORIENTED_EDGE('',*,*,#1650,.F.);
#2277=ORIENTED_EDGE('',*,*,#1652,.F.);
#2278=ORIENTED_EDGE('',*,*,#1653,.T.);
#2279=ORIENTED_EDGE('',*,*,#1654,.T.);
#2280=ORIENTED_EDGE('',*,*,#1653,.F.);
#2281=ORIENTED_EDGE('',*,*,#1655,.T.);
#2282=ORIENTED_EDGE('',*,*,#1656,.T.);
#2283=ORIENTED_EDGE('',*,*,#1657,.F.);
#2284=ORIENTED_EDGE('',*,*,#1658,.F.);
#2285=ORIENTED_EDGE('',*,*,#1659,.T.);
#2286=ORIENTED_EDGE('',*,*,#1658,.T.);
#2287=ORIENTED_EDGE('',*,*,#1660,.F.);
#2288=ORIENTED_EDGE('',*,*,#1661,.F.);
#2289=ORIENTED_EDGE('',*,*,#1662,.T.);
#2290=ORIENTED_EDGE('',*,*,#1661,.T.);
#2291=ORIENTED_EDGE('',*,*,#1663,.F.);
#2292=ORIENTED_EDGE('',*,*,#1664,.F.);
#2293=ORIENTED_EDGE('',*,*,#1665,.T.);
#2294=ORIENTED_EDGE('',*,*,#1664,.T.);
#2295=ORIENTED_EDGE('',*,*,#1666,.F.);
#2296=ORIENTED_EDGE('',*,*,#1656,.F.);
#2297=ORIENTED_EDGE('',*,*,#1666,.T.);
#2298=ORIENTED_EDGE('',*,*,#1663,.T.);
#2299=ORIENTED_EDGE('',*,*,#1660,.T.);
#2300=ORIENTED_EDGE('',*,*,#1657,.T.);
#2301=ORIENTED_EDGE('',*,*,#1616,.T.);
#2302=ORIENTED_EDGE('',*,*,#1619,.T.);
#2303=ORIENTED_EDGE('',*,*,#1622,.T.);
#2304=ORIENTED_EDGE('',*,*,#1625,.T.);
#2305=ORIENTED_EDGE('',*,*,#1628,.T.);
#2306=ORIENTED_EDGE('',*,*,#1631,.T.);
#2307=ORIENTED_EDGE('',*,*,#1634,.T.);
#2308=ORIENTED_EDGE('',*,*,#1637,.T.);
#2309=ORIENTED_EDGE('',*,*,#1640,.T.);
#2310=ORIENTED_EDGE('',*,*,#1652,.T.);
#2311=ORIENTED_EDGE('',*,*,#1649,.T.);
#2312=ORIENTED_EDGE('',*,*,#1646,.T.);
#2313=ORIENTED_EDGE('',*,*,#1643,.T.);
#2314=ORIENTED_EDGE('',*,*,#1613,.T.);
#2315=ORIENTED_EDGE('',*,*,#1665,.F.);
#2316=ORIENTED_EDGE('',*,*,#1655,.F.);
#2317=ORIENTED_EDGE('',*,*,#1659,.F.);
#2318=ORIENTED_EDGE('',*,*,#1662,.F.);
#2319=ORIENTED_EDGE('',*,*,#1618,.T.);
#2320=ORIENTED_EDGE('',*,*,#1621,.T.);
#2321=ORIENTED_EDGE('',*,*,#1624,.T.);
#2322=ORIENTED_EDGE('',*,*,#1627,.T.);
#2323=ORIENTED_EDGE('',*,*,#1630,.T.);
#2324=ORIENTED_EDGE('',*,*,#1633,.T.);
#2325=ORIENTED_EDGE('',*,*,#1636,.T.);
#2326=ORIENTED_EDGE('',*,*,#1639,.T.);
#2327=ORIENTED_EDGE('',*,*,#1642,.T.);
#2328=ORIENTED_EDGE('',*,*,#1654,.F.);
#2329=ORIENTED_EDGE('',*,*,#1651,.F.);
#2330=ORIENTED_EDGE('',*,*,#1648,.F.);
#2331=ORIENTED_EDGE('',*,*,#1645,.F.);
#2332=ORIENTED_EDGE('',*,*,#1615,.T.);
#2333=PLANE('',#2545);
#2334=PLANE('',#2546);
#2335=PLANE('',#2547);
#2336=PLANE('',#2548);
#2337=PLANE('',#2549);
#2338=PLANE('',#2550);
#2339=PLANE('',#2551);
#2340=PLANE('',#2552);
#2341=PLANE('',#2553);
#2342=PLANE('',#2554);
#2343=PLANE('',#2555);
#2344=PLANE('',#2556);
#2345=PLANE('',#2557);
#2346=PLANE('',#2558);
#2347=PLANE('',#2559);
#2348=PLANE('',#2560);
#2349=PLANE('',#2561);
#2350=PLANE('',#2562);
#2351=PLANE('',#2563);
#2352=PLANE('',#2564);
#2353=PLANE('',#2577);
#2354=PLANE('',#2578);
#2355=PLANE('',#2587);
#2356=PLANE('',#2588);
#2357=PLANE('',#2589);
#2358=PLANE('',#2590);
#2359=PLANE('',#2591);
#2360=PLANE('',#2592);
#2361=PLANE('',#2593);
#2362=PLANE('',#2603);
#2363=PLANE('',#2613);
#2364=PLANE('',#2614);
#2365=PLANE('',#2636);
#2366=PLANE('',#2637);
#2367=PLANE('',#2638);
#2368=PLANE('',#2639);
#2369=PLANE('',#2640);
#2370=PLANE('',#2641);
#2371=PLANE('',#2669);
#2372=PLANE('',#2670);
#2373=PLANE('',#2671);
#2374=PLANE('',#2672);
#2375=PLANE('',#2676);
#2376=PLANE('',#2677);
#2377=PLANE('',#2678);
#2378=PLANE('',#2679);
#2379=PLANE('',#2680);
#2380=PLANE('',#2681);
#2381=PLANE('',#2712);
#2382=PLANE('',#2713);
#2383=PLANE('',#2714);
#2384=PLANE('',#2715);
#2385=PLANE('',#2716);
#2386=PLANE('',#2717);
#2387=PLANE('',#2730);
#2388=PLANE('',#2731);
#2389=PLANE('',#2732);
#2390=PLANE('',#2733);
#2391=PLANE('',#2734);
#2392=PLANE('',#2735);
#2393=PLANE('',#2777);
#2394=PLANE('',#2778);
#2395=PLANE('',#2779);
#2396=PLANE('',#2780);
#2397=PLANE('',#2781);
#2398=PLANE('',#2782);
#2399=ADVANCED_FACE('',(#320),#2333,.T.);
#2400=ADVANCED_FACE('',(#321),#2334,.T.);
#2401=ADVANCED_FACE('',(#322),#2335,.T.);
#2402=ADVANCED_FACE('',(#323),#2336,.T.);
#2403=ADVANCED_FACE('',(#324),#2337,.T.);
#2404=ADVANCED_FACE('',(#325),#2338,.T.);
#2405=ADVANCED_FACE('',(#326),#2339,.T.);
#2406=ADVANCED_FACE('',(#327),#2340,.T.);
#2407=ADVANCED_FACE('',(#328),#2341,.T.);
#2408=ADVANCED_FACE('',(#329),#2342,.T.);
#2409=ADVANCED_FACE('',(#330),#2343,.T.);
#2410=ADVANCED_FACE('',(#331),#2344,.T.);
#2411=ADVANCED_FACE('',(#332),#2345,.T.);
#2412=ADVANCED_FACE('',(#333),#2346,.T.);
#2413=ADVANCED_FACE('',(#334),#2347,.T.);
#2414=ADVANCED_FACE('',(#335),#2348,.T.);
#2415=ADVANCED_FACE('',(#336),#2349,.T.);
#2416=ADVANCED_FACE('',(#337),#2350,.T.);
#2417=ADVANCED_FACE('',(#338),#2351,.T.);
#2418=ADVANCED_FACE('',(#339),#2352,.T.);
#2419=ADVANCED_FACE('',(#340),#266,.F.);
#2420=ADVANCED_FACE('',(#341),#267,.F.);
#2421=ADVANCED_FACE('',(#342),#268,.F.);
#2422=ADVANCED_FACE('',(#343),#269,.F.);
#2423=ADVANCED_FACE('',(#344,#46,#47,#48,#49),#2353,.T.);
#2424=ADVANCED_FACE('',(#345,#50,#51,#52,#53),#2354,.F.);
#2425=ADVANCED_FACE('',(#346),#27,.T.);
#2426=ADVANCED_FACE('',(#347),#28,.T.);
#2427=ADVANCED_FACE('',(#348),#29,.T.);
#2428=ADVANCED_FACE('',(#349),#30,.T.);
#2429=ADVANCED_FACE('',(#350),#2355,.T.);
#2430=ADVANCED_FACE('',(#351),#2356,.T.);
#2431=ADVANCED_FACE('',(#352),#2357,.T.);
#2432=ADVANCED_FACE('',(#353),#2358,.T.);
#2433=ADVANCED_FACE('',(#354),#2359,.T.);
#2434=ADVANCED_FACE('',(#355),#2360,.T.);
#2435=ADVANCED_FACE('',(#356,#54,#55,#56,#57,#58,#59,#60,#61,#62),#2361,
 .F.);
#2436=ADVANCED_FACE('',(#357,#63,#64,#65,#66,#67,#68,#69,#70,#71),#2362,
 .T.);
#2437=ADVANCED_FACE('',(#358),#2363,.T.);
#2438=ADVANCED_FACE('',(#359),#2364,.T.);
#2439=ADVANCED_FACE('',(#360),#270,.F.);
#2440=ADVANCED_FACE('',(#361),#271,.F.);
#2441=ADVANCED_FACE('',(#362),#272,.F.);
#2442=ADVANCED_FACE('',(#363),#273,.F.);
#2443=ADVANCED_FACE('',(#364),#274,.F.);
#2444=ADVANCED_FACE('',(#365),#275,.F.);
#2445=ADVANCED_FACE('',(#366),#276,.F.);
#2446=ADVANCED_FACE('',(#367),#277,.F.);
#2447=ADVANCED_FACE('',(#368),#278,.F.);
#2448=ADVANCED_FACE('',(#369),#279,.F.);
#2449=ADVANCED_FACE('',(#370),#280,.F.);
#2450=ADVANCED_FACE('',(#371),#281,.F.);
#2451=ADVANCED_FACE('',(#372),#282,.F.);
#2452=ADVANCED_FACE('',(#373),#2365,.T.);
#2453=ADVANCED_FACE('',(#374),#2366,.T.);
#2454=ADVANCED_FACE('',(#375),#2367,.T.);
#2455=ADVANCED_FACE('',(#376),#2368,.T.);
#2456=ADVANCED_FACE('',(#377,#72,#73,#74,#75),#2369,.T.);
#2457=ADVANCED_FACE('',(#378,#76,#77,#78,#79),#2370,.F.);
#2458=ADVANCED_FACE('',(#379),#283,.F.);
#2459=ADVANCED_FACE('',(#380),#284,.F.);
#2460=ADVANCED_FACE('',(#381),#285,.F.);
#2461=ADVANCED_FACE('',(#382),#286,.F.);
#2462=ADVANCED_FACE('',(#383),#287,.F.);
#2463=ADVANCED_FACE('',(#384),#288,.F.);
#2464=ADVANCED_FACE('',(#385),#289,.F.);
#2465=ADVANCED_FACE('',(#386),#290,.F.);
#2466=ADVANCED_FACE('',(#387),#291,.F.);
#2467=ADVANCED_FACE('',(#388),#2371,.T.);
#2468=ADVANCED_FACE('',(#389),#2372,.T.);
#2469=ADVANCED_FACE('',(#390),#2373,.T.);
#2470=ADVANCED_FACE('',(#391),#2374,.T.);
#2471=ADVANCED_FACE('',(#392),#292,.F.);
#2472=ADVANCED_FACE('',(#393),#2375,.T.);
#2473=ADVANCED_FACE('',(#394),#2376,.T.);
#2474=ADVANCED_FACE('',(#395),#2377,.T.);
#2475=ADVANCED_FACE('',(#396),#2378,.T.);
#2476=ADVANCED_FACE('',(#397,#80,#81,#82,#83,#84,#85,#86,#87,#88,#89,#90),
#2379,.T.);
#2477=ADVANCED_FACE('',(#398,#91,#92,#93,#94,#95,#96,#97,#98,#99,#100,#101),
#2380,.F.);
#2478=ADVANCED_FACE('',(#399),#293,.F.);
#2479=ADVANCED_FACE('',(#400),#294,.F.);
#2480=ADVANCED_FACE('',(#401),#295,.F.);
#2481=ADVANCED_FACE('',(#402),#296,.F.);
#2482=ADVANCED_FACE('',(#403),#297,.F.);
#2483=ADVANCED_FACE('',(#404),#298,.F.);
#2484=ADVANCED_FACE('',(#405),#299,.F.);
#2485=ADVANCED_FACE('',(#406),#300,.F.);
#2486=ADVANCED_FACE('',(#407),#301,.F.);
#2487=ADVANCED_FACE('',(#408),#302,.F.);
#2488=ADVANCED_FACE('',(#409),#2381,.T.);
#2489=ADVANCED_FACE('',(#410),#2382,.T.);
#2490=ADVANCED_FACE('',(#411),#2383,.T.);
#2491=ADVANCED_FACE('',(#412),#2384,.T.);
#2492=ADVANCED_FACE('',(#413,#102,#103,#104,#105,#106,#107,#108,#109,#110,
#111),#2385,.T.);
#2493=ADVANCED_FACE('',(#414,#112,#113,#114,#115,#116,#117,#118,#119,#120,
#121),#2386,.F.);
#2494=ADVANCED_FACE('',(#415),#303,.F.);
#2495=ADVANCED_FACE('',(#416),#304,.F.);
#2496=ADVANCED_FACE('',(#417),#305,.F.);
#2497=ADVANCED_FACE('',(#418),#306,.F.);
#2498=ADVANCED_FACE('',(#419),#2387,.T.);
#2499=ADVANCED_FACE('',(#420),#2388,.T.);
#2500=ADVANCED_FACE('',(#421),#2389,.T.);
#2501=ADVANCED_FACE('',(#422),#2390,.T.);
#2502=ADVANCED_FACE('',(#423,#122,#123,#124,#125),#2391,.T.);
#2503=ADVANCED_FACE('',(#424,#126,#127,#128,#129),#2392,.F.);
#2504=ADVANCED_FACE('',(#425),#307,.F.);
#2505=ADVANCED_FACE('',(#426),#308,.F.);
#2506=ADVANCED_FACE('',(#427),#309,.F.);
#2507=ADVANCED_FACE('',(#428),#310,.F.);
#2508=ADVANCED_FACE('',(#429),#311,.F.);
#2509=ADVANCED_FACE('',(#430),#31,.T.);
#2510=ADVANCED_FACE('',(#431),#312,.F.);
#2511=ADVANCED_FACE('',(#432),#313,.F.);
#2512=ADVANCED_FACE('',(#433),#314,.F.);
#2513=ADVANCED_FACE('',(#434),#315,.F.);
#2514=ADVANCED_FACE('',(#435),#316,.F.);
#2515=ADVANCED_FACE('',(#436),#317,.F.);
#2516=ADVANCED_FACE('',(#437),#318,.F.);
#2517=ADVANCED_FACE('',(#438),#319,.F.);
#2518=ADVANCED_FACE('',(#439),#2393,.T.);
#2519=ADVANCED_FACE('',(#440),#2394,.T.);
#2520=ADVANCED_FACE('',(#441),#2395,.T.);
#2521=ADVANCED_FACE('',(#442),#2396,.T.);
#2522=ADVANCED_FACE('',(#443,#130,#131,#132,#133,#134,#135,#136,#137,#138,
#139,#140,#141,#142,#143),#2397,.T.);
#2523=ADVANCED_FACE('',(#444,#144,#145,#146,#147,#148,#149,#150,#151,#152,
#153,#154,#155,#156,#157),#2398,.F.);
#2524=CLOSED_SHELL('',(#2399,#2400,#2401,#2402,#2403,#2404,#2405,#2406,
#2407,#2408,#2409,#2410,#2411,#2412,#2413,#2414,#2415,#2416,#2417,#2418,
#2419,#2420,#2421,#2422,#2423,#2424));
#2525=CLOSED_SHELL('',(#2425,#2426,#2427,#2428,#2429,#2430,#2431,#2432,
#2433,#2434,#2435,#2436,#2437,#2438,#2439,#2440,#2441,#2442,#2443,#2444,
#2445,#2446,#2447));
#2526=CLOSED_SHELL('',(#2448,#2449,#2450,#2451,#2452,#2453,#2454,#2455,
#2456,#2457));
#2527=CLOSED_SHELL('',(#2458,#2459,#2460,#2461,#2462,#2463,#2464,#2465,
#2466,#2467,#2468,#2469,#2470,#2471,#2472,#2473,#2474,#2475,#2476,#2477));
#2528=CLOSED_SHELL('',(#2478,#2479,#2480,#2481,#2482,#2483,#2484,#2485,
#2486,#2487,#2488,#2489,#2490,#2491,#2492,#2493));
#2529=CLOSED_SHELL('',(#2494,#2495,#2496,#2497,#2498,#2499,#2500,#2501,
#2502,#2503));
#2530=CLOSED_SHELL('',(#2504,#2505,#2506,#2507,#2508,#2509,#2510,#2511,
#2512,#2513,#2514,#2515,#2516,#2517,#2518,#2519,#2520,#2521,#2522,#2523));
#2531=DERIVED_UNIT_ELEMENT(#2533,1.);
#2532=DERIVED_UNIT_ELEMENT(#4224,-3.);
#2533=(
MASS_UNIT()
NAMED_UNIT(*)
SI_UNIT(.KILO.,.GRAM.)
);
#2534=DERIVED_UNIT((#2531,#2532));
#2535=MEASURE_REPRESENTATION_ITEM('density measure',
POSITIVE_RATIO_MEASURE(7850.),#2534);
#2536=PROPERTY_DEFINITION_REPRESENTATION(#2541,#2538);
#2537=PROPERTY_DEFINITION_REPRESENTATION(#2542,#2539);
#2538=REPRESENTATION('material name',(#2540),#4221);
#2539=REPRESENTATION('density',(#2535),#4221);
#2540=DESCRIPTIVE_REPRESENTATION_ITEM('Stahl','Stahl');
#2541=PROPERTY_DEFINITION('material property','material name',#4236);
#2542=PROPERTY_DEFINITION('material property','density of part',#4236);
#2543=AXIS2_PLACEMENT_3D('',#3481,#2784,#2785);
#2544=AXIS2_PLACEMENT_3D('',#3482,#2786,#2787);
#2545=AXIS2_PLACEMENT_3D('',#3483,#2788,#2789);
#2546=AXIS2_PLACEMENT_3D('',#3492,#2794,#2795);
#2547=AXIS2_PLACEMENT_3D('',#3498,#2799,#2800);
#2548=AXIS2_PLACEMENT_3D('',#3504,#2804,#2805);
#2549=AXIS2_PLACEMENT_3D('',#3510,#2809,#2810);
#2550=AXIS2_PLACEMENT_3D('',#3516,#2814,#2815);
#2551=AXIS2_PLACEMENT_3D('',#3525,#2820,#2821);
#2552=AXIS2_PLACEMENT_3D('',#3531,#2825,#2826);
#2553=AXIS2_PLACEMENT_3D('',#3537,#2830,#2831);
#2554=AXIS2_PLACEMENT_3D('',#3543,#2835,#2836);
#2555=AXIS2_PLACEMENT_3D('',#3549,#2840,#2841);
#2556=AXIS2_PLACEMENT_3D('',#3558,#2846,#2847);
#2557=AXIS2_PLACEMENT_3D('',#3564,#2851,#2852);
#2558=AXIS2_PLACEMENT_3D('',#3570,#2856,#2857);
#2559=AXIS2_PLACEMENT_3D('',#3573,#2860,#2861);
#2560=AXIS2_PLACEMENT_3D('',#3576,#2864,#2865);
#2561=AXIS2_PLACEMENT_3D('',#3585,#2870,#2871);
#2562=AXIS2_PLACEMENT_3D('',#3591,#2875,#2876);
#2563=AXIS2_PLACEMENT_3D('',#3597,#2880,#2881);
#2564=AXIS2_PLACEMENT_3D('',#3600,#2884,#2885);
#2565=AXIS2_PLACEMENT_3D('',#3603,#2888,#2889);
#2566=AXIS2_PLACEMENT_3D('',#3605,#2890,#2891);
#2567=AXIS2_PLACEMENT_3D('',#3608,#2893,#2894);
#2568=AXIS2_PLACEMENT_3D('',#3609,#2895,#2896);
#2569=AXIS2_PLACEMENT_3D('',#3611,#2897,#2898);
#2570=AXIS2_PLACEMENT_3D('',#3614,#2900,#2901);
#2571=AXIS2_PLACEMENT_3D('',#3615,#2902,#2903);
#2572=AXIS2_PLACEMENT_3D('',#3617,#2904,#2905);
#2573=AXIS2_PLACEMENT_3D('',#3620,#2907,#2908);
#2574=AXIS2_PLACEMENT_3D('',#3621,#2909,#2910);
#2575=AXIS2_PLACEMENT_3D('',#3623,#2911,#2912);
#2576=AXIS2_PLACEMENT_3D('',#3626,#2914,#2915);
#2577=AXIS2_PLACEMENT_3D('',#3627,#2916,#2917);
#2578=AXIS2_PLACEMENT_3D('',#3628,#2918,#2919);
#2579=AXIS2_PLACEMENT_3D('',#3641,#2920,#2921);
#2580=AXIS2_PLACEMENT_3D('',#3645,#2923,#2924);
#2581=AXIS2_PLACEMENT_3D('',#3659,#2926,#2927);
#2582=AXIS2_PLACEMENT_3D('',#3663,#2929,#2930);
#2583=AXIS2_PLACEMENT_3D('',#3677,#2932,#2933);
#2584=AXIS2_PLACEMENT_3D('',#3681,#2935,#2936);
#2585=AXIS2_PLACEMENT_3D('',#3695,#2938,#2939);
#2586=AXIS2_PLACEMENT_3D('',#3699,#2941,#2942);
#2587=AXIS2_PLACEMENT_3D('',#3701,#2944,#2945);
#2588=AXIS2_PLACEMENT_3D('',#3707,#2949,#2950);
#2589=AXIS2_PLACEMENT_3D('',#3713,#2954,#2955);
#2590=AXIS2_PLACEMENT_3D('',#3719,#2959,#2960);
#2591=AXIS2_PLACEMENT_3D('',#3722,#2963,#2964);
#2592=AXIS2_PLACEMENT_3D('',#3725,#2967,#2968);
#2593=AXIS2_PLACEMENT_3D('',#3731,#2972,#2973);
#2594=AXIS2_PLACEMENT_3D('',#3735,#2976,#2977);
#2595=AXIS2_PLACEMENT_3D('',#3737,#2978,#2979);
#2596=AXIS2_PLACEMENT_3D('',#3739,#2980,#2981);
#2597=AXIS2_PLACEMENT_3D('',#3741,#2982,#2983);
#2598=AXIS2_PLACEMENT_3D('',#3743,#2984,#2985);
#2599=AXIS2_PLACEMENT_3D('',#3745,#2986,#2987);
#2600=AXIS2_PLACEMENT_3D('',#3747,#2988,#2989);
#2601=AXIS2_PLACEMENT_3D('',#3749,#2990,#2991);
#2602=AXIS2_PLACEMENT_3D('',#3751,#2992,#2993);
#2603=AXIS2_PLACEMENT_3D('',#3752,#2994,#2995);
#2604=AXIS2_PLACEMENT_3D('',#3756,#2998,#2999);
#2605=AXIS2_PLACEMENT_3D('',#3758,#3000,#3001);
#2606=AXIS2_PLACEMENT_3D('',#3760,#3002,#3003);
#2607=AXIS2_PLACEMENT_3D('',#3762,#3004,#3005);
#2608=AXIS2_PLACEMENT_3D('',#3764,#3006,#3007);
#2609=AXIS2_PLACEMENT_3D('',#3766,#3008,#3009);
#2610=AXIS2_PLACEMENT_3D('',#3768,#3010,#3011);
#2611=AXIS2_PLACEMENT_3D('',#3770,#3012,#3013);
#2612=AXIS2_PLACEMENT_3D('',#3772,#3014,#3015);
#2613=AXIS2_PLACEMENT_3D('',#3773,#3016,#3017);
#2614=AXIS2_PLACEMENT_3D('',#3774,#3018,#3019);
#2615=AXIS2_PLACEMENT_3D('',#3775,#3020,#3021);
#2616=AXIS2_PLACEMENT_3D('',#3777,#3023,#3024);
#2617=AXIS2_PLACEMENT_3D('',#3779,#3026,#3027);
#2618=AXIS2_PLACEMENT_3D('',#3781,#3029,#3030);
#2619=AXIS2_PLACEMENT_3D('',#3783,#3032,#3033);
#2620=AXIS2_PLACEMENT_3D('',#3785,#3035,#3036);
#2621=AXIS2_PLACEMENT_3D('',#3787,#3038,#3039);
#2622=AXIS2_PLACEMENT_3D('',#3789,#3041,#3042);
#2623=AXIS2_PLACEMENT_3D('',#3791,#3044,#3045);
#2624=AXIS2_PLACEMENT_3D('',#3793,#3047,#3048);
#2625=AXIS2_PLACEMENT_3D('',#3795,#3049,#3050);
#2626=AXIS2_PLACEMENT_3D('',#3798,#3052,#3053);
#2627=AXIS2_PLACEMENT_3D('',#3799,#3054,#3055);
#2628=AXIS2_PLACEMENT_3D('',#3801,#3056,#3057);
#2629=AXIS2_PLACEMENT_3D('',#3804,#3059,#3060);
#2630=AXIS2_PLACEMENT_3D('',#3805,#3061,#3062);
#2631=AXIS2_PLACEMENT_3D('',#3807,#3063,#3064);
#2632=AXIS2_PLACEMENT_3D('',#3810,#3066,#3067);
#2633=AXIS2_PLACEMENT_3D('',#3811,#3068,#3069);
#2634=AXIS2_PLACEMENT_3D('',#3813,#3070,#3071);
#2635=AXIS2_PLACEMENT_3D('',#3816,#3073,#3074);
#2636=AXIS2_PLACEMENT_3D('',#3817,#3075,#3076);
#2637=AXIS2_PLACEMENT_3D('',#3826,#3081,#3082);
#2638=AXIS2_PLACEMENT_3D('',#3832,#3086,#3087);
#2639=AXIS2_PLACEMENT_3D('',#3838,#3091,#3092);
#2640=AXIS2_PLACEMENT_3D('',#3841,#3095,#3096);
#2641=AXIS2_PLACEMENT_3D('',#3842,#3097,#3098);
#2642=AXIS2_PLACEMENT_3D('',#3843,#3099,#3100);
#2643=AXIS2_PLACEMENT_3D('',#3845,#3101,#3102);
#2644=AXIS2_PLACEMENT_3D('',#3848,#3104,#3105);
#2645=AXIS2_PLACEMENT_3D('',#3849,#3106,#3107);
#2646=AXIS2_PLACEMENT_3D('',#3851,#3108,#3109);
#2647=AXIS2_PLACEMENT_3D('',#3854,#3111,#3112);
#2648=AXIS2_PLACEMENT_3D('',#3855,#3113,#3114);
#2649=AXIS2_PLACEMENT_3D('',#3857,#3115,#3116);
#2650=AXIS2_PLACEMENT_3D('',#3860,#3118,#3119);
#2651=AXIS2_PLACEMENT_3D('',#3861,#3120,#3121);
#2652=AXIS2_PLACEMENT_3D('',#3863,#3122,#3123);
#2653=AXIS2_PLACEMENT_3D('',#3866,#3125,#3126);
#2654=AXIS2_PLACEMENT_3D('',#3867,#3127,#3128);
#2655=AXIS2_PLACEMENT_3D('',#3869,#3129,#3130);
#2656=AXIS2_PLACEMENT_3D('',#3872,#3132,#3133);
#2657=AXIS2_PLACEMENT_3D('',#3873,#3134,#3135);
#2658=AXIS2_PLACEMENT_3D('',#3875,#3136,#3137);
#2659=AXIS2_PLACEMENT_3D('',#3878,#3139,#3140);
#2660=AXIS2_PLACEMENT_3D('',#3879,#3141,#3142);
#2661=AXIS2_PLACEMENT_3D('',#3881,#3143,#3144);
#2662=AXIS2_PLACEMENT_3D('',#3884,#3146,#3147);
#2663=AXIS2_PLACEMENT_3D('',#3885,#3148,#3149);
#2664=AXIS2_PLACEMENT_3D('',#3887,#3150,#3151);
#2665=AXIS2_PLACEMENT_3D('',#3890,#3153,#3154);
#2666=AXIS2_PLACEMENT_3D('',#3891,#3155,#3156);
#2667=AXIS2_PLACEMENT_3D('',#3893,#3157,#3158);
#2668=AXIS2_PLACEMENT_3D('',#3896,#3160,#3161);
#2669=AXIS2_PLACEMENT_3D('',#3897,#3162,#3163);
#2670=AXIS2_PLACEMENT_3D('',#3906,#3168,#3169);
#2671=AXIS2_PLACEMENT_3D('',#3912,#3173,#3174);
#2672=AXIS2_PLACEMENT_3D('',#3918,#3178,#3179);
#2673=AXIS2_PLACEMENT_3D('',#3921,#3182,#3183);
#2674=AXIS2_PLACEMENT_3D('',#3923,#3184,#3185);
#2675=AXIS2_PLACEMENT_3D('',#3926,#3187,#3188);
#2676=AXIS2_PLACEMENT_3D('',#3927,#3189,#3190);
#2677=AXIS2_PLACEMENT_3D('',#3936,#3195,#3196);
#2678=AXIS2_PLACEMENT_3D('',#3942,#3200,#3201);
#2679=AXIS2_PLACEMENT_3D('',#3948,#3205,#3206);
#2680=AXIS2_PLACEMENT_3D('',#3951,#3209,#3210);
#2681=AXIS2_PLACEMENT_3D('',#3952,#3211,#3212);
#2682=AXIS2_PLACEMENT_3D('',#3953,#3213,#3214);
#2683=AXIS2_PLACEMENT_3D('',#3955,#3215,#3216);
#2684=AXIS2_PLACEMENT_3D('',#3958,#3218,#3219);
#2685=AXIS2_PLACEMENT_3D('',#3959,#3220,#3221);
#2686=AXIS2_PLACEMENT_3D('',#3961,#3222,#3223);
#2687=AXIS2_PLACEMENT_3D('',#3964,#3225,#3226);
#2688=AXIS2_PLACEMENT_3D('',#3965,#3227,#3228);
#2689=AXIS2_PLACEMENT_3D('',#3967,#3229,#3230);
#2690=AXIS2_PLACEMENT_3D('',#3970,#3232,#3233);
#2691=AXIS2_PLACEMENT_3D('',#3971,#3234,#3235);
#2692=AXIS2_PLACEMENT_3D('',#3973,#3236,#3237);
#2693=AXIS2_PLACEMENT_3D('',#3976,#3239,#3240);
#2694=AXIS2_PLACEMENT_3D('',#3977,#3241,#3242);
#2695=AXIS2_PLACEMENT_3D('',#3979,#3243,#3244);
#2696=AXIS2_PLACEMENT_3D('',#3982,#3246,#3247);
#2697=AXIS2_PLACEMENT_3D('',#3983,#3248,#3249);
#2698=AXIS2_PLACEMENT_3D('',#3985,#3250,#3251);
#2699=AXIS2_PLACEMENT_3D('',#3988,#3253,#3254);
#2700=AXIS2_PLACEMENT_3D('',#3989,#3255,#3256);
#2701=AXIS2_PLACEMENT_3D('',#3991,#3257,#3258);
#2702=AXIS2_PLACEMENT_3D('',#3994,#3260,#3261);
#2703=AXIS2_PLACEMENT_3D('',#3995,#3262,#3263);
#2704=AXIS2_PLACEMENT_3D('',#3997,#3264,#3265);
#2705=AXIS2_PLACEMENT_3D('',#4000,#3267,#3268);
#2706=AXIS2_PLACEMENT_3D('',#4001,#3269,#3270);
#2707=AXIS2_PLACEMENT_3D('',#4003,#3271,#3272);
#2708=AXIS2_PLACEMENT_3D('',#4006,#3274,#3275);
#2709=AXIS2_PLACEMENT_3D('',#4007,#3276,#3277);
#2710=AXIS2_PLACEMENT_3D('',#4009,#3278,#3279);
#2711=AXIS2_PLACEMENT_3D('',#4012,#3281,#3282);
#2712=AXIS2_PLACEMENT_3D('',#4013,#3283,#3284);
#2713=AXIS2_PLACEMENT_3D('',#4022,#3289,#3290);
#2714=AXIS2_PLACEMENT_3D('',#4028,#3294,#3295);
#2715=AXIS2_PLACEMENT_3D('',#4034,#3299,#3300);
#2716=AXIS2_PLACEMENT_3D('',#4037,#3303,#3304);
#2717=AXIS2_PLACEMENT_3D('',#4038,#3305,#3306);
#2718=AXIS2_PLACEMENT_3D('',#4039,#3307,#3308);
#2719=AXIS2_PLACEMENT_3D('',#4041,#3309,#3310);
#2720=AXIS2_PLACEMENT_3D('',#4044,#3312,#3313);
#2721=AXIS2_PLACEMENT_3D('',#4045,#3314,#3315);
#2722=AXIS2_PLACEMENT_3D('',#4047,#3316,#3317);
#2723=AXIS2_PLACEMENT_3D('',#4050,#3319,#3320);
#2724=AXIS2_PLACEMENT_3D('',#4051,#3321,#3322);
#2725=AXIS2_PLACEMENT_3D('',#4053,#3323,#3324);
#2726=AXIS2_PLACEMENT_3D('',#4056,#3326,#3327);
#2727=AXIS2_PLACEMENT_3D('',#4057,#3328,#3329);
#2728=AXIS2_PLACEMENT_3D('',#4059,#3330,#3331);
#2729=AXIS2_PLACEMENT_3D('',#4062,#3333,#3334);
#2730=AXIS2_PLACEMENT_3D('',#4063,#3335,#3336);
#2731=AXIS2_PLACEMENT_3D('',#4072,#3341,#3342);
#2732=AXIS2_PLACEMENT_3D('',#4078,#3346,#3347);
#2733=AXIS2_PLACEMENT_3D('',#4084,#3351,#3352);
#2734=AXIS2_PLACEMENT_3D('',#4087,#3355,#3356);
#2735=AXIS2_PLACEMENT_3D('',#4088,#3357,#3358);
#2736=AXIS2_PLACEMENT_3D('',#4089,#3359,#3360);
#2737=AXIS2_PLACEMENT_3D('',#4091,#3361,#3362);
#2738=AXIS2_PLACEMENT_3D('',#4094,#3364,#3365);
#2739=AXIS2_PLACEMENT_3D('',#4095,#3366,#3367);
#2740=AXIS2_PLACEMENT_3D('',#4097,#3368,#3369);
#2741=AXIS2_PLACEMENT_3D('',#4100,#3371,#3372);
#2742=AXIS2_PLACEMENT_3D('',#4101,#3373,#3374);
#2743=AXIS2_PLACEMENT_3D('',#4103,#3375,#3376);
#2744=AXIS2_PLACEMENT_3D('',#4106,#3378,#3379);
#2745=AXIS2_PLACEMENT_3D('',#4107,#3380,#3381);
#2746=AXIS2_PLACEMENT_3D('',#4109,#3382,#3383);
#2747=AXIS2_PLACEMENT_3D('',#4112,#3385,#3386);
#2748=AXIS2_PLACEMENT_3D('',#4113,#3387,#3388);
#2749=AXIS2_PLACEMENT_3D('',#4115,#3389,#3390);
#2750=AXIS2_PLACEMENT_3D('',#4118,#3392,#3393);
#2751=AXIS2_PLACEMENT_3D('',#4138,#3394,#3395);
#2752=AXIS2_PLACEMENT_3D('',#4141,#3397,#3398);
#2753=AXIS2_PLACEMENT_3D('',#4142,#3399,#3400);
#2754=AXIS2_PLACEMENT_3D('',#4144,#3401,#3402);
#2755=AXIS2_PLACEMENT_3D('',#4147,#3404,#3405);
#2756=AXIS2_PLACEMENT_3D('',#4148,#3406,#3407);
#2757=AXIS2_PLACEMENT_3D('',#4150,#3408,#3409);
#2758=AXIS2_PLACEMENT_3D('',#4153,#3411,#3412);
#2759=AXIS2_PLACEMENT_3D('',#4154,#3413,#3414);
#2760=AXIS2_PLACEMENT_3D('',#4156,#3415,#3416);
#2761=AXIS2_PLACEMENT_3D('',#4159,#3418,#3419);
#2762=AXIS2_PLACEMENT_3D('',#4160,#3420,#3421);
#2763=AXIS2_PLACEMENT_3D('',#4162,#3422,#3423);
#2764=AXIS2_PLACEMENT_3D('',#4165,#3425,#3426);
#2765=AXIS2_PLACEMENT_3D('',#4166,#3427,#3428);
#2766=AXIS2_PLACEMENT_3D('',#4168,#3429,#3430);
#2767=AXIS2_PLACEMENT_3D('',#4171,#3432,#3433);
#2768=AXIS2_PLACEMENT_3D('',#4172,#3434,#3435);
#2769=AXIS2_PLACEMENT_3D('',#4174,#3436,#3437);
#2770=AXIS2_PLACEMENT_3D('',#4177,#3439,#3440);
#2771=AXIS2_PLACEMENT_3D('',#4178,#3441,#3442);
#2772=AXIS2_PLACEMENT_3D('',#4180,#3443,#3444);
#2773=AXIS2_PLACEMENT_3D('',#4183,#3446,#3447);
#2774=AXIS2_PLACEMENT_3D('',#4184,#3448,#3449);
#2775=AXIS2_PLACEMENT_3D('',#4186,#3450,#3451);
#2776=AXIS2_PLACEMENT_3D('',#4189,#3453,#3454);
#2777=AXIS2_PLACEMENT_3D('',#4190,#3455,#3456);
#2778=AXIS2_PLACEMENT_3D('',#4199,#3461,#3462);
#2779=AXIS2_PLACEMENT_3D('',#4205,#3466,#3467);
#2780=AXIS2_PLACEMENT_3D('',#4211,#3471,#3472);
#2781=AXIS2_PLACEMENT_3D('',#4214,#3475,#3476);
#2782=AXIS2_PLACEMENT_3D('',#4215,#3477,#3478);
#2783=AXIS2_PLACEMENT_3D('',#4216,#3479,#3480);
#2784=DIRECTION('axis',(0.,0.,1.));
#2785=DIRECTION('refdir',(1.,0.,0.));
#2786=DIRECTION('axis',(0.,0.,1.));
#2787=DIRECTION('refdir',(1.,0.,0.));
#2788=DIRECTION('center_axis',(-0.707106781186547,0.707106781186548,0.));
#2789=DIRECTION('ref_axis',(0.707106781186548,0.707106781186547,0.));
#2790=DIRECTION('',(0.707106781186548,0.707106781186547,0.));
#2791=DIRECTION('',(0.,0.,1.));
#2792=DIRECTION('',(0.707106781186548,0.707106781186547,0.));
#2793=DIRECTION('',(0.,0.,-1.));
#2794=DIRECTION('center_axis',(-0.707106781186548,-0.707106781186547,0.));
#2795=DIRECTION('ref_axis',(-0.707106781186547,0.707106781186548,0.));
#2796=DIRECTION('',(-0.707106781186547,0.707106781186548,0.));
#2797=DIRECTION('',(-0.707106781186547,0.707106781186548,0.));
#2798=DIRECTION('',(0.,0.,-1.));
#2799=DIRECTION('center_axis',(0.707106781186548,-0.707106781186547,0.));
#2800=DIRECTION('ref_axis',(-0.707106781186547,-0.707106781186548,0.));
#2801=DIRECTION('',(-0.707106781186547,-0.707106781186548,0.));
#2802=DIRECTION('',(-0.707106781186547,-0.707106781186548,0.));
#2803=DIRECTION('',(0.,0.,-1.));
#2804=DIRECTION('center_axis',(-0.707106781186548,-0.707106781186547,0.));
#2805=DIRECTION('ref_axis',(0.707106781186547,-0.707106781186548,0.));
#2806=DIRECTION('',(0.707106781186547,-0.707106781186548,0.));
#2807=DIRECTION('',(0.,0.,1.));
#2808=DIRECTION('',(0.707106781186547,-0.707106781186548,0.));
#2809=DIRECTION('center_axis',(-0.707106781186548,-0.707106781186547,0.));
#2810=DIRECTION('ref_axis',(0.707106781186547,-0.707106781186548,0.));
#2811=DIRECTION('',(0.707106781186547,-0.707106781186548,0.));
#2812=DIRECTION('',(0.,0.,1.));
#2813=DIRECTION('',(0.707106781186547,-0.707106781186548,0.));
#2814=DIRECTION('center_axis',(0.707106781186547,-0.707106781186548,0.));
#2815=DIRECTION('ref_axis',(-0.707106781186548,-0.707106781186547,0.));
#2816=DIRECTION('',(-0.707106781186548,-0.707106781186547,0.));
#2817=DIRECTION('',(0.,0.,1.));
#2818=DIRECTION('',(-0.707106781186548,-0.707106781186547,0.));
#2819=DIRECTION('',(0.,0.,-1.));
#2820=DIRECTION('center_axis',(0.707106781186548,0.707106781186547,0.));
#2821=DIRECTION('ref_axis',(0.707106781186547,-0.707106781186548,0.));
#2822=DIRECTION('',(0.707106781186547,-0.707106781186548,0.));
#2823=DIRECTION('',(0.707106781186547,-0.707106781186548,0.));
#2824=DIRECTION('',(0.,0.,-1.));
#2825=DIRECTION('center_axis',(-0.707106781186548,0.707106781186547,0.));
#2826=DIRECTION('ref_axis',(0.707106781186547,0.707106781186548,0.));
#2827=DIRECTION('',(0.707106781186547,0.707106781186548,0.));
#2828=DIRECTION('',(0.707106781186547,0.707106781186548,0.));
#2829=DIRECTION('',(0.,0.,-1.));
#2830=DIRECTION('center_axis',(0.707106781186548,0.707106781186547,0.));
#2831=DIRECTION('ref_axis',(-0.707106781186547,0.707106781186548,0.));
#2832=DIRECTION('',(-0.707106781186547,0.707106781186548,0.));
#2833=DIRECTION('',(0.,0.,1.));
#2834=DIRECTION('',(-0.707106781186547,0.707106781186548,0.));
#2835=DIRECTION('center_axis',(0.707106781186548,0.707106781186547,0.));
#2836=DIRECTION('ref_axis',(-0.707106781186547,0.707106781186548,0.));
#2837=DIRECTION('',(-0.707106781186547,0.707106781186548,0.));
#2838=DIRECTION('',(0.,0.,1.));
#2839=DIRECTION('',(-0.707106781186547,0.707106781186548,0.));
#2840=DIRECTION('center_axis',(-0.707106781186548,-0.707106781186547,0.));
#2841=DIRECTION('ref_axis',(-0.707106781186547,0.707106781186548,0.));
#2842=DIRECTION('',(-0.707106781186547,0.707106781186548,0.));
#2843=DIRECTION('',(0.,0.,1.));
#2844=DIRECTION('',(-0.707106781186547,0.707106781186548,0.));
#2845=DIRECTION('',(0.,0.,-1.));
#2846=DIRECTION('center_axis',(0.707106781186547,-0.707106781186548,0.));
#2847=DIRECTION('ref_axis',(-0.707106781186548,-0.707106781186547,0.));
#2848=DIRECTION('',(-0.707106781186548,-0.707106781186547,0.));
#2849=DIRECTION('',(-0.707106781186548,-0.707106781186547,0.));
#2850=DIRECTION('',(0.,0.,-1.));
#2851=DIRECTION('center_axis',(0.707106781186547,0.707106781186548,0.));
#2852=DIRECTION('ref_axis',(0.707106781186548,-0.707106781186547,0.));
#2853=DIRECTION('',(0.707106781186548,-0.707106781186547,0.));
#2854=DIRECTION('',(0.707106781186548,-0.707106781186547,0.));
#2855=DIRECTION('',(0.,0.,-1.));
#2856=DIRECTION('center_axis',(0.707106781186547,-0.707106781186548,0.));
#2857=DIRECTION('ref_axis',(0.707106781186548,0.707106781186547,0.));
#2858=DIRECTION('',(0.707106781186548,0.707106781186547,0.));
#2859=DIRECTION('',(0.707106781186548,0.707106781186547,0.));
#2860=DIRECTION('center_axis',(0.707106781186547,-0.707106781186548,0.));
#2861=DIRECTION('ref_axis',(0.707106781186548,0.707106781186547,0.));
#2862=DIRECTION('',(0.707106781186548,0.707106781186547,0.));
#2863=DIRECTION('',(0.707106781186548,0.707106781186547,0.));
#2864=DIRECTION('center_axis',(0.707106781186548,0.707106781186547,0.));
#2865=DIRECTION('ref_axis',(0.707106781186547,-0.707106781186548,0.));
#2866=DIRECTION('',(0.707106781186547,-0.707106781186548,0.));
#2867=DIRECTION('',(0.,0.,1.));
#2868=DIRECTION('',(0.707106781186547,-0.707106781186548,0.));
#2869=DIRECTION('',(0.,0.,-1.));
#2870=DIRECTION('center_axis',(-0.707106781186547,0.707106781186548,0.));
#2871=DIRECTION('ref_axis',(0.707106781186548,0.707106781186547,0.));
#2872=DIRECTION('',(0.707106781186548,0.707106781186547,0.));
#2873=DIRECTION('',(0.707106781186548,0.707106781186547,0.));
#2874=DIRECTION('',(0.,0.,-1.));
#2875=DIRECTION('center_axis',(-0.707106781186547,-0.707106781186548,0.));
#2876=DIRECTION('ref_axis',(-0.707106781186548,0.707106781186547,0.));
#2877=DIRECTION('',(-0.707106781186548,0.707106781186547,0.));
#2878=DIRECTION('',(-0.707106781186548,0.707106781186547,0.));
#2879=DIRECTION('',(0.,0.,-1.));
#2880=DIRECTION('center_axis',(-0.707106781186548,0.707106781186547,0.));
#2881=DIRECTION('ref_axis',(-0.707106781186547,-0.707106781186548,0.));
#2882=DIRECTION('',(-0.707106781186547,-0.707106781186548,0.));
#2883=DIRECTION('',(-0.707106781186547,-0.707106781186548,0.));
#2884=DIRECTION('center_axis',(-0.707106781186548,0.707106781186547,0.));
#2885=DIRECTION('ref_axis',(-0.707106781186547,-0.707106781186548,0.));
#2886=DIRECTION('',(-0.707106781186547,-0.707106781186548,0.));
#2887=DIRECTION('',(-0.707106781186547,-0.707106781186548,0.));
#2888=DIRECTION('center_axis',(0.,0.,1.));
#2889=DIRECTION('ref_axis',(1.,0.,0.));
#2890=DIRECTION('center_axis',(-5.47382212626882E-48,2.66122490000509E-110,
-1.));
#2891=DIRECTION('ref_axis',(1.,0.,-5.47382212626882E-48));
#2892=DIRECTION('',(0.,0.,-1.));
#2893=DIRECTION('center_axis',(-5.47382212626882E-48,2.66122490000509E-110,
-1.));
#2894=DIRECTION('ref_axis',(1.,0.,-5.47382212626882E-48));
#2895=DIRECTION('center_axis',(0.,0.,1.));
#2896=DIRECTION('ref_axis',(1.,0.,0.));
#2897=DIRECTION('center_axis',(0.,0.,-1.));
#2898=DIRECTION('ref_axis',(1.,0.,0.));
#2899=DIRECTION('',(0.,0.,-1.));
#2900=DIRECTION('center_axis',(0.,0.,-1.));
#2901=DIRECTION('ref_axis',(1.,0.,0.));
#2902=DIRECTION('center_axis',(0.,0.,1.));
#2903=DIRECTION('ref_axis',(1.,0.,0.));
#2904=DIRECTION('center_axis',(0.,0.,-1.));
#2905=DIRECTION('ref_axis',(1.,0.,0.));
#2906=DIRECTION('',(0.,0.,-1.));
#2907=DIRECTION('center_axis',(0.,0.,-1.));
#2908=DIRECTION('ref_axis',(1.,0.,0.));
#2909=DIRECTION('center_axis',(0.,0.,1.));
#2910=DIRECTION('ref_axis',(1.,0.,0.));
#2911=DIRECTION('center_axis',(-2.18952885050753E-47,2.68139949841483E-63,
-1.));
#2912=DIRECTION('ref_axis',(1.,0.,-2.18952885050753E-47));
#2913=DIRECTION('',(0.,0.,-1.));
#2914=DIRECTION('center_axis',(-2.18952885050753E-47,2.68139949841483E-63,
-1.));
#2915=DIRECTION('ref_axis',(1.,0.,-2.18952885050753E-47));
#2916=DIRECTION('center_axis',(0.,0.,1.));
#2917=DIRECTION('ref_axis',(1.,0.,0.));
#2918=DIRECTION('center_axis',(0.,0.,1.));
#2919=DIRECTION('ref_axis',(1.,0.,0.));
#2920=DIRECTION('center_axis',(1.30841038223648E-17,-2.08960501102666E-16,
-1.));
#2921=DIRECTION('ref_axis',(-0.707106781186548,-0.707106781186547,0.));
#2922=DIRECTION('',(0.,0.,1.));
#2923=DIRECTION('center_axis',(-1.30841038223648E-17,2.08960501102666E-16,
1.));
#2924=DIRECTION('ref_axis',(-0.707106781186548,-0.707106781186547,0.));
#2925=DIRECTION('',(0.,0.,-1.));
#2926=DIRECTION('center_axis',(1.30841038223648E-17,-2.08960501102666E-16,
-1.));
#2927=DIRECTION('ref_axis',(0.707106781186547,-0.707106781186548,0.));
#2928=DIRECTION('',(0.,0.,1.));
#2929=DIRECTION('center_axis',(-1.30841038223648E-17,2.08960501102666E-16,
1.));
#2930=DIRECTION('ref_axis',(0.707106781186547,-0.707106781186548,0.));
#2931=DIRECTION('',(0.,0.,-1.));
#2932=DIRECTION('center_axis',(1.30841038223648E-17,-2.08960501102666E-16,
-1.));
#2933=DIRECTION('ref_axis',(-0.707106781186546,0.707106781186549,0.));
#2934=DIRECTION('',(0.,0.,1.));
#2935=DIRECTION('center_axis',(-1.30841038223648E-17,2.08960501102666E-16,
1.));
#2936=DIRECTION('ref_axis',(-0.707106781186546,0.707106781186549,0.));
#2937=DIRECTION('',(0.,0.,-1.));
#2938=DIRECTION('center_axis',(1.30841038223648E-17,-2.08960501102666E-16,
-1.));
#2939=DIRECTION('ref_axis',(0.707106781186549,0.707106781186546,0.));
#2940=DIRECTION('',(0.,0.,1.));
#2941=DIRECTION('center_axis',(-1.30841038223648E-17,2.08960501102666E-16,
1.));
#2942=DIRECTION('ref_axis',(0.707106781186549,0.707106781186546,0.));
#2943=DIRECTION('',(0.,0.,-1.));
#2944=DIRECTION('center_axis',(0.707106781186548,-0.707106781186548,1.47757387329835E-16));
#2945=DIRECTION('ref_axis',(0.707106781186548,0.707106781186548,-1.38505528791292E-16));
#2946=DIRECTION('',(0.707106781186548,0.707106781186548,-1.38505528791292E-16));
#2947=DIRECTION('',(0.,2.08960501102667E-16,1.));
#2948=DIRECTION('',(0.707106781186548,0.707106781186548,-1.38505528791292E-16));
#2949=DIRECTION('center_axis',(0.707106781186548,-0.707106781186548,1.47757387329835E-16));
#2950=DIRECTION('ref_axis',(0.707106781186548,0.707106781186548,-1.38505528791292E-16));
#2951=DIRECTION('',(0.707106781186548,0.707106781186548,-1.38505528791292E-16));
#2952=DIRECTION('',(0.,2.08960501102667E-16,1.));
#2953=DIRECTION('',(0.707106781186548,0.707106781186548,-1.38505528791292E-16));
#2954=DIRECTION('center_axis',(0.707106781186548,0.707106781186547,-1.47757387329835E-16));
#2955=DIRECTION('ref_axis',(-0.707106781186547,0.707106781186548,-1.38505528791292E-16));
#2956=DIRECTION('',(-0.707106781186547,0.707106781186548,-1.38505528791292E-16));
#2957=DIRECTION('',(0.,2.08960501102667E-16,1.));
#2958=DIRECTION('',(-0.707106781186547,0.707106781186548,-1.38505528791292E-16));
#2959=DIRECTION('center_axis',(0.707106781186548,0.707106781186547,-1.47757387329835E-16));
#2960=DIRECTION('ref_axis',(-0.707106781186547,0.707106781186548,-1.38505528791292E-16));
#2961=DIRECTION('',(-0.707106781186547,0.707106781186548,-1.38505528791292E-16));
#2962=DIRECTION('',(-0.707106781186547,0.707106781186548,-1.38505528791292E-16));
#2963=DIRECTION('center_axis',(-0.707106781186548,-0.707106781186547,1.47757387329835E-16));
#2964=DIRECTION('ref_axis',(0.707106781186547,-0.707106781186548,1.57009245868377E-16));
#2965=DIRECTION('',(0.707106781186547,-0.707106781186548,1.57009245868377E-16));
#2966=DIRECTION('',(0.707106781186547,-0.707106781186548,1.57009245868377E-16));
#2967=DIRECTION('center_axis',(-0.707106781186548,-0.707106781186547,1.47757387329835E-16));
#2968=DIRECTION('ref_axis',(0.707106781186547,-0.707106781186548,1.57009245868377E-16));
#2969=DIRECTION('',(0.707106781186547,-0.707106781186548,1.57009245868377E-16));
#2970=DIRECTION('',(0.,2.08960501102667E-16,1.));
#2971=DIRECTION('',(0.707106781186547,-0.707106781186548,1.57009245868377E-16));
#2972=DIRECTION('center_axis',(-1.30841038223648E-17,2.08960501102666E-16,
1.));
#2973=DIRECTION('ref_axis',(-1.,-2.90525466403508E-33,-1.30841038223648E-17));
#2974=DIRECTION('',(-0.707106781186547,-0.707106781186548,1.20001811714206E-16));
#2975=DIRECTION('',(-0.707106781186547,-0.707106781186548,1.20001811714206E-16));
#2976=DIRECTION('center_axis',(-1.30841038223648E-17,2.08960501102666E-16,
1.));
#2977=DIRECTION('ref_axis',(-1.,0.,0.));
#2978=DIRECTION('center_axis',(-1.30841038223648E-17,2.08960501102666E-16,
1.));
#2979=DIRECTION('ref_axis',(-1.,0.,0.));
#2980=DIRECTION('center_axis',(-1.30841038223648E-17,2.08960501102666E-16,
1.));
#2981=DIRECTION('ref_axis',(-1.,0.,0.));
#2982=DIRECTION('center_axis',(-1.30841038223648E-17,2.08960501102666E-16,
1.));
#2983=DIRECTION('ref_axis',(-1.,0.,0.));
#2984=DIRECTION('center_axis',(-6.07034665831932E-63,-2.22044604925031E-16,
-1.));
#2985=DIRECTION('ref_axis',(-1.,1.3478877255045E-78,6.07034665831932E-63));
#2986=DIRECTION('center_axis',(-6.07034665831932E-63,-2.22044604925031E-16,
-1.));
#2987=DIRECTION('ref_axis',(-1.,0.,0.));
#2988=DIRECTION('center_axis',(-6.07034665831932E-63,-2.22044604925031E-16,
-1.));
#2989=DIRECTION('ref_axis',(-1.,0.,0.));
#2990=DIRECTION('center_axis',(-6.07034665831932E-63,-2.22044604925031E-16,
-1.));
#2991=DIRECTION('ref_axis',(-1.,1.3478877255045E-78,6.07034665831932E-63));
#2992=DIRECTION('center_axis',(0.,-2.22044604925031E-16,-1.));
#2993=DIRECTION('ref_axis',(-1.,0.,0.));
#2994=DIRECTION('center_axis',(-1.30841038223648E-17,2.08960501102666E-16,
1.));
#2995=DIRECTION('ref_axis',(-1.,-2.90525466403508E-33,-1.30841038223648E-17));
#2996=DIRECTION('',(-0.707106781186547,-0.707106781186548,1.20001811714206E-16));
#2997=DIRECTION('',(-0.707106781186547,-0.707106781186548,1.20001811714206E-16));
#2998=DIRECTION('center_axis',(1.30841038223648E-17,-2.08960501102666E-16,
-1.));
#2999=DIRECTION('ref_axis',(-1.,0.,0.));
#3000=DIRECTION('center_axis',(1.30841038223648E-17,-2.08960501102666E-16,
-1.));
#3001=DIRECTION('ref_axis',(-1.,0.,0.));
#3002=DIRECTION('center_axis',(1.30841038223648E-17,-2.08960501102666E-16,
-1.));
#3003=DIRECTION('ref_axis',(-1.,0.,0.));
#3004=DIRECTION('center_axis',(1.30841038223648E-17,-2.08960501102666E-16,
-1.));
#3005=DIRECTION('ref_axis',(-1.,0.,0.));
#3006=DIRECTION('center_axis',(-6.07034665831932E-63,-2.22044604925031E-16,
-1.));
#3007=DIRECTION('ref_axis',(-1.,1.3478877255045E-78,6.07034665831932E-63));
#3008=DIRECTION('center_axis',(-6.07034665831932E-63,-2.22044604925031E-16,
-1.));
#3009=DIRECTION('ref_axis',(-1.,0.,0.));
#3010=DIRECTION('center_axis',(-6.07034665831932E-63,-2.22044604925031E-16,
-1.));
#3011=DIRECTION('ref_axis',(-1.,0.,0.));
#3012=DIRECTION('center_axis',(-6.07034665831932E-63,-2.22044604925031E-16,
-1.));
#3013=DIRECTION('ref_axis',(-1.,1.3478877255045E-78,6.07034665831932E-63));
#3014=DIRECTION('center_axis',(0.,-2.22044604925031E-16,-1.));
#3015=DIRECTION('ref_axis',(-1.,0.,0.));
#3016=DIRECTION('center_axis',(-0.707106781186548,0.707106781186547,-1.47757387329835E-16));
#3017=DIRECTION('ref_axis',(-0.707106781186547,-0.707106781186548,1.20001811714206E-16));
#3018=DIRECTION('center_axis',(-0.707106781186548,0.707106781186547,-1.47757387329835E-16));
#3019=DIRECTION('ref_axis',(-0.707106781186547,-0.707106781186548,1.20001811714206E-16));
#3020=DIRECTION('center_axis',(0.,0.,-1.));
#3021=DIRECTION('ref_axis',(-1.,0.,0.));
#3022=DIRECTION('',(0.,0.,-1.));
#3023=DIRECTION('center_axis',(0.,0.,-1.));
#3024=DIRECTION('ref_axis',(-1.,0.,0.));
#3025=DIRECTION('',(0.,0.,-1.));
#3026=DIRECTION('center_axis',(0.,0.,-1.));
#3027=DIRECTION('ref_axis',(-1.,0.,0.));
#3028=DIRECTION('',(0.,0.,-1.));
#3029=DIRECTION('center_axis',(0.,0.,-1.));
#3030=DIRECTION('ref_axis',(-1.,0.,0.));
#3031=DIRECTION('',(0.,0.,-1.));
#3032=DIRECTION('center_axis',(0.,2.08960501102667E-16,1.));
#3033=DIRECTION('ref_axis',(-1.,0.,0.));
#3034=DIRECTION('',(0.,-2.08960501102667E-16,-1.));
#3035=DIRECTION('center_axis',(0.,2.08960501102667E-16,1.));
#3036=DIRECTION('ref_axis',(-1.,7.94250459151911E-80,0.));
#3037=DIRECTION('',(0.,-2.08960501102667E-16,-1.));
#3038=DIRECTION('center_axis',(0.,2.08960501102667E-16,1.));
#3039=DIRECTION('ref_axis',(-1.,0.,0.));
#3040=DIRECTION('',(0.,-2.08960501102667E-16,-1.));
#3041=DIRECTION('center_axis',(0.,2.08960501102667E-16,1.));
#3042=DIRECTION('ref_axis',(-1.,0.,0.));
#3043=DIRECTION('',(0.,-2.08960501102667E-16,-1.));
#3044=DIRECTION('center_axis',(0.,2.08960501102667E-16,1.));
#3045=DIRECTION('ref_axis',(-1.,7.94250459151911E-80,0.));
#3046=DIRECTION('',(0.,-2.08960501102667E-16,-1.));
#3047=DIRECTION('center_axis',(-4.16333634234433E-16,0.,-1.));
#3048=DIRECTION('ref_axis',(-1.,0.,4.16333634234433E-16));
#3049=DIRECTION('center_axis',(4.4E-16,2.22044604925031E-16,1.));
#3050=DIRECTION('ref_axis',(-1.,0.,4.4E-16));
#3051=DIRECTION('',(4.16333634234433E-16,0.,1.));
#3052=DIRECTION('center_axis',(4.4E-16,2.22044604925031E-16,1.));
#3053=DIRECTION('ref_axis',(-1.,0.,4.4E-16));
#3054=DIRECTION('center_axis',(-4.16333634234433E-16,0.,-1.));
#3055=DIRECTION('ref_axis',(-1.,0.,4.16333634234433E-16));
#3056=DIRECTION('center_axis',(4.4E-16,2.22044604925031E-16,1.));
#3057=DIRECTION('ref_axis',(-1.,0.,4.4E-16));
#3058=DIRECTION('',(4.16333634234433E-16,0.,1.));
#3059=DIRECTION('center_axis',(4.4E-16,2.22044604925031E-16,1.));
#3060=DIRECTION('ref_axis',(-1.,0.,4.4E-16));
#3061=DIRECTION('center_axis',(-4.16333634234433E-16,0.,-1.));
#3062=DIRECTION('ref_axis',(-1.,0.,4.16333634234433E-16));
#3063=DIRECTION('center_axis',(4.4E-16,2.22044604925031E-16,1.));
#3064=DIRECTION('ref_axis',(-1.,0.,4.4E-16));
#3065=DIRECTION('',(4.16333634234433E-16,0.,1.));
#3066=DIRECTION('center_axis',(4.4E-16,2.22044604925031E-16,1.));
#3067=DIRECTION('ref_axis',(-1.,0.,4.4E-16));
#3068=DIRECTION('center_axis',(-4.16333634234433E-16,0.,-1.));
#3069=DIRECTION('ref_axis',(-1.,0.,4.16333634234433E-16));
#3070=DIRECTION('center_axis',(4.4E-16,2.22044604925031E-16,1.));
#3071=DIRECTION('ref_axis',(-1.,0.,4.4E-16));
#3072=DIRECTION('',(4.16333634234433E-16,0.,1.));
#3073=DIRECTION('center_axis',(4.4E-16,2.22044604925031E-16,1.));
#3074=DIRECTION('ref_axis',(-1.,0.,4.4E-16));
#3075=DIRECTION('center_axis',(0.707106781186548,0.707106781186547,-2.94392336003208E-16));
#3076=DIRECTION('ref_axis',(0.707106781186547,-0.707106781186548,-1.54117737853703E-16));
#3077=DIRECTION('',(0.707106781186547,-0.707106781186548,-1.54117737853703E-16));
#3078=DIRECTION('',(-4.16333634234433E-16,0.,-1.));
#3079=DIRECTION('',(0.707106781186547,-0.707106781186548,-1.54117737853703E-16));
#3080=DIRECTION('',(-4.16333634234433E-16,0.,-1.));
#3081=DIRECTION('center_axis',(-0.707106781186548,0.707106781186547,2.94392336003208E-16));
#3082=DIRECTION('ref_axis',(0.707106781186547,0.707106781186548,-4.68136229590458E-16));
#3083=DIRECTION('',(0.707106781186547,0.707106781186548,-4.68136229590458E-16));
#3084=DIRECTION('',(0.707106781186547,0.707106781186548,-4.68136229590458E-16));
#3085=DIRECTION('',(-4.16333634234433E-16,0.,-1.));
#3086=DIRECTION('center_axis',(-0.707106781186548,-0.707106781186547,2.94392336003208E-16));
#3087=DIRECTION('ref_axis',(-0.707106781186547,0.707106781186548,1.54117737853703E-16));
#3088=DIRECTION('',(-0.707106781186547,0.707106781186548,1.54117737853703E-16));
#3089=DIRECTION('',(-0.707106781186547,0.707106781186548,1.54117737853703E-16));
#3090=DIRECTION('',(-4.16333634234433E-16,0.,-1.));
#3091=DIRECTION('center_axis',(0.707106781186547,-0.707106781186548,-2.94392336003208E-16));
#3092=DIRECTION('ref_axis',(-0.707106781186548,-0.707106781186547,4.68136229590458E-16));
#3093=DIRECTION('',(-0.707106781186548,-0.707106781186547,4.68136229590458E-16));
#3094=DIRECTION('',(-0.707106781186548,-0.707106781186547,4.68136229590458E-16));
#3095=DIRECTION('center_axis',(-4.4E-16,-2.22044604925031E-16,-1.));
#3096=DIRECTION('ref_axis',(-1.,0.,4.4E-16));
#3097=DIRECTION('center_axis',(-4.4E-16,-2.22044604925031E-16,-1.));
#3098=DIRECTION('ref_axis',(-1.,0.,4.4E-16));
#3099=DIRECTION('center_axis',(-0.707106781186546,0.707106781186549,0.));
#3100=DIRECTION('ref_axis',(0.707106781186549,0.707106781186546,0.));
#3101=DIRECTION('center_axis',(-0.707106781186548,0.707106781186548,-9.86864910777917E-17));
#3102=DIRECTION('ref_axis',(0.707106781186549,0.707106781186546,0.));
#3103=DIRECTION('',(-0.707106781186546,0.707106781186549,0.));
#3104=DIRECTION('center_axis',(0.707106781186548,-0.707106781186548,9.86864910777917E-17));
#3105=DIRECTION('ref_axis',(0.707106781186549,0.707106781186546,0.));
#3106=DIRECTION('center_axis',(-0.707106781186549,0.707106781186546,0.));
#3107=DIRECTION('ref_axis',(0.707106781186546,0.707106781186549,0.));
#3108=DIRECTION('center_axis',(-0.707106781186548,0.707106781186548,-9.86864910777917E-17));
#3109=DIRECTION('ref_axis',(0.707106781186546,0.707106781186549,0.));
#3110=DIRECTION('',(-0.707106781186549,0.707106781186546,0.));
#3111=DIRECTION('center_axis',(0.707106781186548,-0.707106781186548,9.86864910777917E-17));
#3112=DIRECTION('ref_axis',(0.707106781186546,0.707106781186549,0.));
#3113=DIRECTION('center_axis',(0.707106781186548,-0.707106781186547,0.));
#3114=DIRECTION('ref_axis',(0.707106781186547,0.707106781186548,0.));
#3115=DIRECTION('center_axis',(-0.707106781186548,0.707106781186548,0.));
#3116=DIRECTION('ref_axis',(0.707106781186548,0.707106781186548,0.));
#3117=DIRECTION('',(-0.707106781186548,0.707106781186547,0.));
#3118=DIRECTION('center_axis',(-0.707106781186548,0.707106781186548,0.));
#3119=DIRECTION('ref_axis',(0.707106781186548,0.707106781186548,0.));
#3120=DIRECTION('center_axis',(0.707106781186548,-0.707106781186547,0.));
#3121=DIRECTION('ref_axis',(0.707106781186547,0.707106781186548,0.));
#3122=DIRECTION('center_axis',(-0.707106781186548,0.707106781186548,0.));
#3123=DIRECTION('ref_axis',(0.707106781186548,0.707106781186548,0.));
#3124=DIRECTION('',(-0.707106781186548,0.707106781186547,0.));
#3125=DIRECTION('center_axis',(-0.707106781186548,0.707106781186548,0.));
#3126=DIRECTION('ref_axis',(0.707106781186548,0.707106781186548,0.));
#3127=DIRECTION('center_axis',(0.707106781186548,-0.707106781186547,0.));
#3128=DIRECTION('ref_axis',(0.707106781186547,0.707106781186548,0.));
#3129=DIRECTION('center_axis',(-0.707106781186548,0.707106781186548,0.));
#3130=DIRECTION('ref_axis',(0.707106781186548,0.707106781186548,0.));
#3131=DIRECTION('',(-0.707106781186548,0.707106781186547,0.));
#3132=DIRECTION('center_axis',(-0.707106781186548,0.707106781186548,0.));
#3133=DIRECTION('ref_axis',(0.707106781186548,0.707106781186548,0.));
#3134=DIRECTION('center_axis',(0.707106781186548,-0.707106781186547,0.));
#3135=DIRECTION('ref_axis',(0.707106781186547,0.707106781186548,0.));
#3136=DIRECTION('center_axis',(-0.707106781186548,0.707106781186548,0.));
#3137=DIRECTION('ref_axis',(0.707106781186547,0.707106781186547,0.));
#3138=DIRECTION('',(-0.707106781186548,0.707106781186547,0.));
#3139=DIRECTION('center_axis',(-0.707106781186548,0.707106781186548,0.));
#3140=DIRECTION('ref_axis',(0.707106781186547,0.707106781186547,0.));
#3141=DIRECTION('center_axis',(0.707106781186548,-0.707106781186547,0.));
#3142=DIRECTION('ref_axis',(0.707106781186547,0.707106781186548,0.));
#3143=DIRECTION('center_axis',(-0.707106781186548,0.707106781186548,0.));
#3144=DIRECTION('ref_axis',(0.707106781186548,0.707106781186548,0.));
#3145=DIRECTION('',(-0.707106781186548,0.707106781186547,0.));
#3146=DIRECTION('center_axis',(-0.707106781186548,0.707106781186548,0.));
#3147=DIRECTION('ref_axis',(0.707106781186548,0.707106781186548,0.));
#3148=DIRECTION('center_axis',(0.707106781186548,-0.707106781186547,0.));
#3149=DIRECTION('ref_axis',(0.707106781186547,0.707106781186548,0.));
#3150=DIRECTION('center_axis',(-0.707106781186548,0.707106781186548,0.));
#3151=DIRECTION('ref_axis',(0.707106781186548,0.707106781186548,0.));
#3152=DIRECTION('',(-0.707106781186548,0.707106781186547,0.));
#3153=DIRECTION('center_axis',(-0.707106781186548,0.707106781186548,0.));
#3154=DIRECTION('ref_axis',(0.707106781186548,0.707106781186548,0.));
#3155=DIRECTION('center_axis',(0.707106781186548,-0.707106781186547,0.));
#3156=DIRECTION('ref_axis',(0.707106781186547,0.707106781186548,0.));
#3157=DIRECTION('center_axis',(-0.707106781186548,0.707106781186548,0.));
#3158=DIRECTION('ref_axis',(0.707106781186547,0.707106781186547,0.));
#3159=DIRECTION('',(-0.707106781186548,0.707106781186547,0.));
#3160=DIRECTION('center_axis',(-0.707106781186548,0.707106781186548,0.));
#3161=DIRECTION('ref_axis',(0.707106781186547,0.707106781186547,0.));
#3162=DIRECTION('center_axis',(0.707106781186547,0.707106781186548,3.4160708450005E-16));
#3163=DIRECTION('ref_axis',(7.89711766471495E-16,-1.2728171383742E-15,1.));
#3164=DIRECTION('',(7.89711766471495E-16,-1.2728171383742E-15,1.));
#3165=DIRECTION('',(0.707106781186548,-0.707106781186547,0.));
#3166=DIRECTION('',(7.89711766471495E-16,-1.2728171383742E-15,1.));
#3167=DIRECTION('',(0.707106781186548,-0.707106781186547,0.));
#3168=DIRECTION('center_axis',(0.,0.,1.));
#3169=DIRECTION('ref_axis',(-0.707106781186548,-0.707106781186548,0.));
#3170=DIRECTION('',(-0.707106781186547,-0.707106781186547,0.));
#3171=DIRECTION('',(-0.707106781186547,-0.707106781186547,0.));
#3172=DIRECTION('',(0.707106781186548,-0.707106781186547,0.));
#3173=DIRECTION('center_axis',(-0.707106781186547,-0.707106781186548,0.));
#3174=DIRECTION('ref_axis',(0.,0.,-1.));
#3175=DIRECTION('',(0.,0.,-1.));
#3176=DIRECTION('',(0.,0.,-1.));
#3177=DIRECTION('',(0.707106781186548,-0.707106781186547,0.));
#3178=DIRECTION('center_axis',(0.,0.,-1.));
#3179=DIRECTION('ref_axis',(0.707106781186547,0.707106781186548,0.));
#3180=DIRECTION('',(0.707106781186547,0.707106781186548,0.));
#3181=DIRECTION('',(0.707106781186547,0.707106781186548,0.));
#3182=DIRECTION('center_axis',(0.707106781186548,-0.707106781186547,0.));
#3183=DIRECTION('ref_axis',(0.707106781186547,0.707106781186548,0.));
#3184=DIRECTION('center_axis',(-0.707106781186548,0.707106781186548,0.));
#3185=DIRECTION('ref_axis',(0.707106781186548,0.707106781186548,0.));
#3186=DIRECTION('',(-0.707106781186548,0.707106781186547,0.));
#3187=DIRECTION('center_axis',(-0.707106781186548,0.707106781186548,0.));
#3188=DIRECTION('ref_axis',(0.707106781186548,0.707106781186548,0.));
#3189=DIRECTION('center_axis',(-0.707106781186547,-0.707106781186548,9.24446373305873E-32));
#3190=DIRECTION('ref_axis',(6.97818870526118E-17,-6.97818870526118E-17,
-1.));
#3191=DIRECTION('',(-6.97818870526118E-17,6.97818870526118E-17,1.));
#3192=DIRECTION('',(0.707106781186548,-0.707106781186547,0.));
#3193=DIRECTION('',(6.97818870526118E-17,-6.97818870526118E-17,-1.));
#3194=DIRECTION('',(0.707106781186548,-0.707106781186547,0.));
#3195=DIRECTION('center_axis',(0.,0.,1.));
#3196=DIRECTION('ref_axis',(-0.707106781186548,-0.707106781186548,0.));
#3197=DIRECTION('',(0.707106781186548,0.707106781186548,0.));
#3198=DIRECTION('',(-0.707106781186548,-0.707106781186548,0.));
#3199=DIRECTION('',(0.707106781186548,-0.707106781186547,0.));
#3200=DIRECTION('center_axis',(0.707106781186547,0.707106781186548,-4.25401435010039E-63));
#3201=DIRECTION('ref_axis',(-3.23742749193279E-48,3.23742749193279E-48,
1.));
#3202=DIRECTION('',(3.23742749193279E-48,-3.23742749193279E-48,-1.));
#3203=DIRECTION('',(-3.23742749193279E-48,3.23742749193279E-48,1.));
#3204=DIRECTION('',(0.707106781186548,-0.707106781186547,0.));
#3205=DIRECTION('center_axis',(0.,0.,-1.));
#3206=DIRECTION('ref_axis',(0.707106781186548,0.707106781186548,0.));
#3207=DIRECTION('',(-0.707106781186548,-0.707106781186548,0.));
#3208=DIRECTION('',(0.707106781186548,0.707106781186548,0.));
#3209=DIRECTION('center_axis',(0.707106781186548,-0.707106781186548,9.86864910777917E-17));
#3210=DIRECTION('ref_axis',(0.707106781186548,0.707106781186548,0.));
#3211=DIRECTION('center_axis',(0.707106781186548,-0.707106781186548,9.86864910777917E-17));
#3212=DIRECTION('ref_axis',(0.707106781186548,0.707106781186548,0.));
#3213=DIRECTION('center_axis',(-0.707106781186549,0.707106781186546,0.));
#3214=DIRECTION('ref_axis',(-0.707106781186546,-0.707106781186549,1.20001811714206E-16));
#3215=DIRECTION('center_axis',(0.707106781186548,-0.707106781186547,1.47757387329835E-16));
#3216=DIRECTION('ref_axis',(-0.707106781186547,-0.707106781186548,1.20001811714206E-16));
#3217=DIRECTION('',(0.707106781186549,-0.707106781186546,0.));
#3218=DIRECTION('center_axis',(0.707106781186548,-0.707106781186547,1.47757387329835E-16));
#3219=DIRECTION('ref_axis',(-0.707106781186547,-0.707106781186548,1.20001811714206E-16));
#3220=DIRECTION('center_axis',(-0.707106781186549,0.707106781186546,0.));
#3221=DIRECTION('ref_axis',(-0.707106781186546,-0.707106781186549,1.20001811714206E-16));
#3222=DIRECTION('center_axis',(0.707106781186548,-0.707106781186547,1.47757387329835E-16));
#3223=DIRECTION('ref_axis',(-0.707106781186547,-0.707106781186548,1.20001811714206E-16));
#3224=DIRECTION('',(0.707106781186549,-0.707106781186546,0.));
#3225=DIRECTION('center_axis',(0.707106781186548,-0.707106781186547,1.47757387329835E-16));
#3226=DIRECTION('ref_axis',(-0.707106781186547,-0.707106781186548,1.20001811714206E-16));
#3227=DIRECTION('center_axis',(-0.707106781186549,0.707106781186546,0.));
#3228=DIRECTION('ref_axis',(-0.707106781186546,-0.707106781186549,1.20001811714206E-16));
#3229=DIRECTION('center_axis',(0.707106781186548,-0.707106781186547,1.47757387329835E-16));
#3230=DIRECTION('ref_axis',(-0.707106781186547,-0.707106781186548,1.20001811714206E-16));
#3231=DIRECTION('',(0.707106781186549,-0.707106781186546,0.));
#3232=DIRECTION('center_axis',(0.707106781186548,-0.707106781186547,1.47757387329835E-16));
#3233=DIRECTION('ref_axis',(-0.707106781186547,-0.707106781186548,1.20001811714206E-16));
#3234=DIRECTION('center_axis',(-0.707106781186549,0.707106781186546,0.));
#3235=DIRECTION('ref_axis',(-0.707106781186546,-0.707106781186549,1.20001811714206E-16));
#3236=DIRECTION('center_axis',(0.707106781186548,-0.707106781186547,1.47757387329835E-16));
#3237=DIRECTION('ref_axis',(-0.707106781186547,-0.707106781186548,1.20001811714206E-16));
#3238=DIRECTION('',(0.707106781186549,-0.707106781186546,0.));
#3239=DIRECTION('center_axis',(0.707106781186548,-0.707106781186547,1.47757387329835E-16));
#3240=DIRECTION('ref_axis',(-0.707106781186547,-0.707106781186548,1.20001811714206E-16));
#3241=DIRECTION('center_axis',(-0.707106781186549,0.707106781186546,0.));
#3242=DIRECTION('ref_axis',(-0.707106781186546,-0.707106781186549,1.20001811714206E-16));
#3243=DIRECTION('center_axis',(0.707106781186548,-0.707106781186547,1.47757387329835E-16));
#3244=DIRECTION('ref_axis',(-0.707106781186547,-0.707106781186548,1.20001811714206E-16));
#3245=DIRECTION('',(0.707106781186549,-0.707106781186546,0.));
#3246=DIRECTION('center_axis',(0.707106781186548,-0.707106781186547,1.47757387329835E-16));
#3247=DIRECTION('ref_axis',(-0.707106781186547,-0.707106781186548,1.20001811714206E-16));
#3248=DIRECTION('center_axis',(-0.707106781186549,0.707106781186546,0.));
#3249=DIRECTION('ref_axis',(-0.707106781186546,-0.707106781186549,1.20001811714206E-16));
#3250=DIRECTION('center_axis',(0.707106781186548,-0.707106781186547,1.47757387329835E-16));
#3251=DIRECTION('ref_axis',(-0.707106781186547,-0.707106781186548,1.20001811714206E-16));
#3252=DIRECTION('',(0.707106781186549,-0.707106781186546,0.));
#3253=DIRECTION('center_axis',(0.707106781186548,-0.707106781186547,1.47757387329835E-16));
#3254=DIRECTION('ref_axis',(-0.707106781186547,-0.707106781186548,1.20001811714206E-16));
#3255=DIRECTION('center_axis',(-0.707106781186549,0.707106781186546,0.));
#3256=DIRECTION('ref_axis',(-0.707106781186546,-0.707106781186549,1.20001811714206E-16));
#3257=DIRECTION('center_axis',(0.707106781186548,-0.707106781186547,1.47757387329835E-16));
#3258=DIRECTION('ref_axis',(-0.707106781186547,-0.707106781186548,1.20001811714206E-16));
#3259=DIRECTION('',(0.707106781186549,-0.707106781186546,0.));
#3260=DIRECTION('center_axis',(0.707106781186548,-0.707106781186547,1.47757387329835E-16));
#3261=DIRECTION('ref_axis',(-0.707106781186547,-0.707106781186548,1.20001811714206E-16));
#3262=DIRECTION('center_axis',(-0.707106781186549,0.707106781186546,0.));
#3263=DIRECTION('ref_axis',(-0.707106781186546,-0.707106781186549,1.20001811714206E-16));
#3264=DIRECTION('center_axis',(0.707106781186548,-0.707106781186547,1.47757387329835E-16));
#3265=DIRECTION('ref_axis',(-0.707106781186547,-0.707106781186548,1.20001811714206E-16));
#3266=DIRECTION('',(0.707106781186549,-0.707106781186546,0.));
#3267=DIRECTION('center_axis',(0.707106781186548,-0.707106781186547,1.47757387329835E-16));
#3268=DIRECTION('ref_axis',(-0.707106781186547,-0.707106781186548,1.20001811714206E-16));
#3269=DIRECTION('center_axis',(-0.707106781186549,0.707106781186546,0.));
#3270=DIRECTION('ref_axis',(-0.707106781186546,-0.707106781186549,1.20001811714206E-16));
#3271=DIRECTION('center_axis',(0.707106781186548,-0.707106781186547,1.47757387329835E-16));
#3272=DIRECTION('ref_axis',(-0.707106781186547,-0.707106781186548,1.20001811714206E-16));
#3273=DIRECTION('',(0.707106781186549,-0.707106781186546,0.));
#3274=DIRECTION('center_axis',(0.707106781186548,-0.707106781186547,1.47757387329835E-16));
#3275=DIRECTION('ref_axis',(-0.707106781186547,-0.707106781186548,1.20001811714206E-16));
#3276=DIRECTION('center_axis',(-0.707106781186549,0.707106781186546,0.));
#3277=DIRECTION('ref_axis',(-0.707106781186546,-0.707106781186549,1.20001811714206E-16));
#3278=DIRECTION('center_axis',(0.707106781186548,-0.707106781186547,1.47757387329835E-16));
#3279=DIRECTION('ref_axis',(-0.707106781186547,-0.707106781186548,1.20001811714206E-16));
#3280=DIRECTION('',(0.707106781186549,-0.707106781186546,0.));
#3281=DIRECTION('center_axis',(0.707106781186548,-0.707106781186547,1.47757387329835E-16));
#3282=DIRECTION('ref_axis',(-0.707106781186547,-0.707106781186548,1.20001811714206E-16));
#3283=DIRECTION('center_axis',(0.707106781186546,0.707106781186549,-2.18688302791997E-16));
#3284=DIRECTION('ref_axis',(-1.19937618371676E-16,-1.8933434536912E-16,
-1.));
#3285=DIRECTION('',(-1.19937618371676E-16,-1.8933434536912E-16,-1.));
#3286=DIRECTION('',(-0.707106781186549,0.707106781186546,0.));
#3287=DIRECTION('',(-1.19937618371676E-16,-1.8933434536912E-16,-1.));
#3288=DIRECTION('',(-0.707106781186549,0.707106781186546,0.));
#3289=DIRECTION('center_axis',(1.1256010816984E-17,1.1256010816984E-17,
1.));
#3290=DIRECTION('ref_axis',(0.707106781186547,0.707106781186548,-1.5918403155597E-17));
#3291=DIRECTION('',(0.707106781186547,0.707106781186548,-1.5918403155597E-17));
#3292=DIRECTION('',(0.707106781186547,0.707106781186548,-1.5918403155597E-17));
#3293=DIRECTION('',(-0.707106781186549,0.707106781186546,0.));
#3294=DIRECTION('center_axis',(-0.707106781186546,-0.707106781186549,2.13153206364148E-17));
#3295=DIRECTION('ref_axis',(-8.94080427861593E-17,1.19552458316508E-16,
1.));
#3296=DIRECTION('',(-8.94080427861593E-17,1.19552458316508E-16,1.));
#3297=DIRECTION('',(-8.94080427861593E-17,1.19552458316508E-16,1.));
#3298=DIRECTION('',(-0.707106781186549,0.707106781186546,0.));
#3299=DIRECTION('center_axis',(-2.94199755975622E-16,-2.94199755975623E-16,
-1.));
#3300=DIRECTION('ref_axis',(-0.707106781186547,-0.707106781186548,4.16061284947581E-16));
#3301=DIRECTION('',(-0.707106781186547,-0.707106781186548,4.16061284947581E-16));
#3302=DIRECTION('',(-0.707106781186547,-0.707106781186548,4.16061284947581E-16));
#3303=DIRECTION('center_axis',(-0.707106781186548,0.707106781186547,-4.90708962520439E-17));
#3304=DIRECTION('ref_axis',(-0.707106781186547,-0.707106781186548,1.20001811714206E-16));
#3305=DIRECTION('center_axis',(-0.707106781186548,0.707106781186547,-4.90708962520439E-17));
#3306=DIRECTION('ref_axis',(-0.707106781186547,-0.707106781186548,1.20001811714206E-16));
#3307=DIRECTION('center_axis',(0.707106781186547,0.707106781186548,0.));
#3308=DIRECTION('ref_axis',(-0.707106781186548,0.707106781186547,0.));
#3309=DIRECTION('center_axis',(-0.707106781186548,-0.707106781186547,0.));
#3310=DIRECTION('ref_axis',(-0.707106781186547,0.707106781186548,0.));
#3311=DIRECTION('',(-0.707106781186547,-0.707106781186548,0.));
#3312=DIRECTION('center_axis',(-0.707106781186548,-0.707106781186547,0.));
#3313=DIRECTION('ref_axis',(-0.707106781186547,0.707106781186548,0.));
#3314=DIRECTION('center_axis',(0.707106781186547,0.707106781186548,0.));
#3315=DIRECTION('ref_axis',(-0.707106781186548,0.707106781186547,0.));
#3316=DIRECTION('center_axis',(-0.707106781186548,-0.707106781186547,0.));
#3317=DIRECTION('ref_axis',(-0.707106781186547,0.707106781186548,0.));
#3318=DIRECTION('',(-0.707106781186547,-0.707106781186548,0.));
#3319=DIRECTION('center_axis',(-0.707106781186548,-0.707106781186547,0.));
#3320=DIRECTION('ref_axis',(-0.707106781186547,0.707106781186548,0.));
#3321=DIRECTION('center_axis',(0.707106781186547,0.707106781186548,0.));
#3322=DIRECTION('ref_axis',(-0.707106781186548,0.707106781186547,0.));
#3323=DIRECTION('center_axis',(-0.707106781186548,-0.707106781186547,0.));
#3324=DIRECTION('ref_axis',(-0.707106781186547,0.707106781186548,0.));
#3325=DIRECTION('',(-0.707106781186547,-0.707106781186548,0.));
#3326=DIRECTION('center_axis',(-0.707106781186548,-0.707106781186547,0.));
#3327=DIRECTION('ref_axis',(-0.707106781186547,0.707106781186548,0.));
#3328=DIRECTION('center_axis',(0.707106781186547,0.707106781186548,0.));
#3329=DIRECTION('ref_axis',(-0.707106781186548,0.707106781186547,0.));
#3330=DIRECTION('center_axis',(-0.707106781186548,-0.707106781186547,0.));
#3331=DIRECTION('ref_axis',(-0.707106781186547,0.707106781186548,0.));
#3332=DIRECTION('',(-0.707106781186547,-0.707106781186548,0.));
#3333=DIRECTION('center_axis',(-0.707106781186548,-0.707106781186547,0.));
#3334=DIRECTION('ref_axis',(-0.707106781186547,0.707106781186548,0.));
#3335=DIRECTION('center_axis',(0.707106781186548,-0.707106781186547,8.0118685686509E-32));
#3336=DIRECTION('ref_axis',(6.10591511710357E-17,6.10591511710357E-17,-1.));
#3337=DIRECTION('',(-6.10591511710357E-17,-6.10591511710357E-17,1.));
#3338=DIRECTION('',(0.707106781186547,0.707106781186548,0.));
#3339=DIRECTION('',(6.10591511710357E-17,6.10591511710357E-17,-1.));
#3340=DIRECTION('',(0.707106781186547,0.707106781186548,0.));
#3341=DIRECTION('center_axis',(0.,0.,1.));
#3342=DIRECTION('ref_axis',(0.707106781186547,-0.707106781186548,0.));
#3343=DIRECTION('',(-0.707106781186547,0.707106781186548,0.));
#3344=DIRECTION('',(0.707106781186547,-0.707106781186548,0.));
#3345=DIRECTION('',(0.707106781186547,0.707106781186548,0.));
#3346=DIRECTION('center_axis',(-0.707106781186548,0.707106781186547,0.));
#3347=DIRECTION('ref_axis',(0.,0.,1.));
#3348=DIRECTION('',(0.,0.,-1.));
#3349=DIRECTION('',(0.,0.,1.));
#3350=DIRECTION('',(0.707106781186547,0.707106781186548,0.));
#3351=DIRECTION('center_axis',(0.,0.,-1.));
#3352=DIRECTION('ref_axis',(-0.707106781186547,0.707106781186548,0.));
#3353=DIRECTION('',(0.707106781186547,-0.707106781186548,0.));
#3354=DIRECTION('',(-0.707106781186547,0.707106781186548,0.));
#3355=DIRECTION('center_axis',(0.707106781186548,0.707106781186547,0.));
#3356=DIRECTION('ref_axis',(-0.707106781186547,0.707106781186548,0.));
#3357=DIRECTION('center_axis',(0.707106781186548,0.707106781186547,0.));
#3358=DIRECTION('ref_axis',(-0.707106781186547,0.707106781186548,0.));
#3359=DIRECTION('center_axis',(0.707106781186548,0.707106781186548,0.));
#3360=DIRECTION('ref_axis',(0.707106781186548,-0.707106781186547,0.));
#3361=DIRECTION('center_axis',(0.707106781186548,0.707106781186547,-9.86864910777917E-17));
#3362=DIRECTION('ref_axis',(0.707106781186548,-0.707106781186547,0.));
#3363=DIRECTION('',(0.707106781186548,0.707106781186548,0.));
#3364=DIRECTION('center_axis',(-0.707106781186548,-0.707106781186547,9.86864910777917E-17));
#3365=DIRECTION('ref_axis',(0.707106781186548,-0.707106781186547,0.));
#3366=DIRECTION('center_axis',(0.707106781186548,0.707106781186547,0.));
#3367=DIRECTION('ref_axis',(0.707106781186547,-0.707106781186548,0.));
#3368=DIRECTION('center_axis',(0.707106781186548,0.707106781186547,-9.86864910777917E-17));
#3369=DIRECTION('ref_axis',(0.707106781186547,-0.707106781186548,0.));
#3370=DIRECTION('',(0.707106781186548,0.707106781186547,0.));
#3371=DIRECTION('center_axis',(-0.707106781186548,-0.707106781186547,9.86864910777917E-17));
#3372=DIRECTION('ref_axis',(0.707106781186547,-0.707106781186548,0.));
#3373=DIRECTION('center_axis',(0.707106781186548,0.707106781186547,0.));
#3374=DIRECTION('ref_axis',(0.707106781186547,-0.707106781186548,0.));
#3375=DIRECTION('center_axis',(0.707106781186548,0.707106781186547,-9.86864910777917E-17));
#3376=DIRECTION('ref_axis',(0.707106781186547,-0.707106781186548,0.));
#3377=DIRECTION('',(0.707106781186548,0.707106781186547,0.));
#3378=DIRECTION('center_axis',(-0.707106781186548,-0.707106781186547,9.86864910777917E-17));
#3379=DIRECTION('ref_axis',(0.707106781186547,-0.707106781186548,0.));
#3380=DIRECTION('center_axis',(0.707106781186549,0.707106781186546,0.));
#3381=DIRECTION('ref_axis',(0.707106781186546,-0.707106781186549,0.));
#3382=DIRECTION('center_axis',(0.707106781186548,0.707106781186547,-9.86864910777917E-17));
#3383=DIRECTION('ref_axis',(0.707106781186546,-0.707106781186549,0.));
#3384=DIRECTION('',(0.707106781186549,0.707106781186546,0.));
#3385=DIRECTION('center_axis',(-0.707106781186548,-0.707106781186547,9.86864910777917E-17));
#3386=DIRECTION('ref_axis',(0.707106781186546,-0.707106781186549,0.));
#3387=DIRECTION('center_axis',(0.707106781186548,0.707106781186547,0.));
#3388=DIRECTION('ref_axis',(0.707106781186547,-0.707106781186548,0.));
#3389=DIRECTION('center_axis',(0.707106781186548,0.707106781186547,-9.86864910777917E-17));
#3390=DIRECTION('ref_axis',(0.707106781186547,-0.707106781186548,0.));
#3391=DIRECTION('',(0.707106781186548,0.707106781186547,0.));
#3392=DIRECTION('center_axis',(-0.707106781186548,-0.707106781186547,9.86864910777917E-17));
#3393=DIRECTION('ref_axis',(0.707106781186547,-0.707106781186548,0.));
#3394=DIRECTION('center_axis',(0.707106781186548,0.707106781186547,-9.86864910777917E-17));
#3395=DIRECTION('ref_axis',(-3.81009103307262E-14,3.81009103307263E-14,
-1.));
#3396=DIRECTION('',(0.707106781186549,0.707106781186546,0.));
#3397=DIRECTION('center_axis',(-0.707106781186548,-0.707106781186547,9.86864910777917E-17));
#3398=DIRECTION('ref_axis',(-3.81009103307262E-14,3.81009103307263E-14,
-1.));
#3399=DIRECTION('center_axis',(0.707106781186548,0.707106781186547,0.));
#3400=DIRECTION('ref_axis',(0.707106781186547,-0.707106781186548,0.));
#3401=DIRECTION('center_axis',(0.707106781186548,0.707106781186547,-9.86864910777917E-17));
#3402=DIRECTION('ref_axis',(0.707106781186547,-0.707106781186548,0.));
#3403=DIRECTION('',(0.707106781186548,0.707106781186547,0.));
#3404=DIRECTION('center_axis',(-0.707106781186548,-0.707106781186547,9.86864910777917E-17));
#3405=DIRECTION('ref_axis',(0.707106781186547,-0.707106781186548,0.));
#3406=DIRECTION('center_axis',(0.707106781186549,0.707106781186546,0.));
#3407=DIRECTION('ref_axis',(0.707106781186546,-0.707106781186549,0.));
#3408=DIRECTION('center_axis',(0.707106781186548,0.707106781186547,-9.86864910777917E-17));
#3409=DIRECTION('ref_axis',(0.707106781186546,-0.707106781186549,0.));
#3410=DIRECTION('',(0.707106781186549,0.707106781186546,0.));
#3411=DIRECTION('center_axis',(-0.707106781186548,-0.707106781186547,9.86864910777917E-17));
#3412=DIRECTION('ref_axis',(0.707106781186546,-0.707106781186549,0.));
#3413=DIRECTION('center_axis',(0.707106781186549,0.707106781186546,0.));
#3414=DIRECTION('ref_axis',(0.707106781186546,-0.707106781186549,0.));
#3415=DIRECTION('center_axis',(0.707106781186548,0.707106781186547,-9.86864910777917E-17));
#3416=DIRECTION('ref_axis',(0.707106781186546,-0.707106781186549,0.));
#3417=DIRECTION('',(0.707106781186549,0.707106781186546,0.));
#3418=DIRECTION('center_axis',(-0.707106781186548,-0.707106781186547,9.86864910777917E-17));
#3419=DIRECTION('ref_axis',(0.707106781186546,-0.707106781186549,0.));
#3420=DIRECTION('center_axis',(0.707106781186549,0.707106781186546,0.));
#3421=DIRECTION('ref_axis',(0.707106781186546,-0.707106781186549,0.));
#3422=DIRECTION('center_axis',(0.707106781186548,0.707106781186547,-9.86864910777917E-17));
#3423=DIRECTION('ref_axis',(0.707106781186546,-0.707106781186549,0.));
#3424=DIRECTION('',(0.707106781186549,0.707106781186546,0.));
#3425=DIRECTION('center_axis',(-0.707106781186548,-0.707106781186547,9.86864910777917E-17));
#3426=DIRECTION('ref_axis',(0.707106781186546,-0.707106781186549,0.));
#3427=DIRECTION('center_axis',(-0.707106781186549,-0.707106781186546,0.));
#3428=DIRECTION('ref_axis',(-0.707106781186546,0.707106781186549,0.));
#3429=DIRECTION('center_axis',(0.707106781186548,0.707106781186547,0.));
#3430=DIRECTION('ref_axis',(-0.707106781186547,0.707106781186548,0.));
#3431=DIRECTION('',(0.707106781186549,0.707106781186546,0.));
#3432=DIRECTION('center_axis',(0.707106781186548,0.707106781186547,0.));
#3433=DIRECTION('ref_axis',(-0.707106781186547,0.707106781186548,0.));
#3434=DIRECTION('center_axis',(-0.707106781186549,-0.707106781186546,0.));
#3435=DIRECTION('ref_axis',(-0.707106781186546,0.707106781186549,0.));
#3436=DIRECTION('center_axis',(0.707106781186548,0.707106781186547,0.));
#3437=DIRECTION('ref_axis',(-0.707106781186547,0.707106781186548,0.));
#3438=DIRECTION('',(0.707106781186549,0.707106781186546,0.));
#3439=DIRECTION('center_axis',(0.707106781186548,0.707106781186547,0.));
#3440=DIRECTION('ref_axis',(-0.707106781186547,0.707106781186548,0.));
#3441=DIRECTION('center_axis',(-0.707106781186549,-0.707106781186546,0.));
#3442=DIRECTION('ref_axis',(-0.707106781186546,0.707106781186549,0.));
#3443=DIRECTION('center_axis',(0.707106781186548,0.707106781186547,0.));
#3444=DIRECTION('ref_axis',(-0.707106781186547,0.707106781186548,0.));
#3445=DIRECTION('',(0.707106781186549,0.707106781186546,0.));
#3446=DIRECTION('center_axis',(0.707106781186548,0.707106781186547,0.));
#3447=DIRECTION('ref_axis',(-0.707106781186547,0.707106781186548,0.));
#3448=DIRECTION('center_axis',(-0.707106781186549,-0.707106781186546,0.));
#3449=DIRECTION('ref_axis',(-0.707106781186546,0.707106781186549,0.));
#3450=DIRECTION('center_axis',(0.707106781186548,0.707106781186547,0.));
#3451=DIRECTION('ref_axis',(-0.707106781186547,0.707106781186548,0.));
#3452=DIRECTION('',(0.707106781186549,0.707106781186546,0.));
#3453=DIRECTION('center_axis',(0.707106781186548,0.707106781186547,0.));
#3454=DIRECTION('ref_axis',(-0.707106781186547,0.707106781186548,0.));
#3455=DIRECTION('center_axis',(0.,0.,1.));
#3456=DIRECTION('ref_axis',(-0.707106781186547,0.707106781186548,0.));
#3457=DIRECTION('',(-0.707106781186547,0.707106781186548,0.));
#3458=DIRECTION('',(-0.707106781186549,-0.707106781186546,0.));
#3459=DIRECTION('',(-0.707106781186547,0.707106781186548,0.));
#3460=DIRECTION('',(-0.707106781186549,-0.707106781186546,0.));
#3461=DIRECTION('center_axis',(0.707106781186546,-0.707106781186549,9.86864910777918E-17));
#3462=DIRECTION('ref_axis',(8.62816615085482E-32,1.39563774105224E-16,1.));
#3463=DIRECTION('',(8.62816615085482E-32,1.39563774105224E-16,1.));
#3464=DIRECTION('',(8.62816615085482E-32,1.39563774105224E-16,1.));
#3465=DIRECTION('',(-0.707106781186549,-0.707106781186546,0.));
#3466=DIRECTION('center_axis',(0.,0.,-1.));
#3467=DIRECTION('ref_axis',(0.707106781186547,-0.707106781186548,0.));
#3468=DIRECTION('',(0.707106781186547,-0.707106781186548,0.));
#3469=DIRECTION('',(0.707106781186547,-0.707106781186548,0.));
#3470=DIRECTION('',(-0.707106781186549,-0.707106781186546,0.));
#3471=DIRECTION('center_axis',(-0.707106781186546,0.707106781186549,0.));
#3472=DIRECTION('ref_axis',(0.,0.,-1.));
#3473=DIRECTION('',(0.,0.,-1.));
#3474=DIRECTION('',(0.,0.,-1.));
#3475=DIRECTION('center_axis',(-0.707106781186548,-0.707106781186547,9.86864910777917E-17));
#3476=DIRECTION('ref_axis',(-0.707106781186547,0.707106781186548,0.));
#3477=DIRECTION('center_axis',(-0.707106781186548,-0.707106781186547,9.86864910777917E-17));
#3478=DIRECTION('ref_axis',(-0.707106781186547,0.707106781186548,0.));
#3479=DIRECTION('',(0.,0.,1.));
#3480=DIRECTION('',(1.,0.,0.));
#3481=CARTESIAN_POINT('',(0.,0.,0.));
#3482=CARTESIAN_POINT('',(0.,0.,0.));
#3483=CARTESIAN_POINT('Origin',(-78.5595633898254,-11.667261889578,24.));
#3484=CARTESIAN_POINT('',(-78.5595633898254,-11.667261889578,24.));
#3485=CARTESIAN_POINT('',(-75.8725576213165,-8.98025612106912,24.));
#3486=CARTESIAN_POINT('',(-78.8424061023,-11.9501046020526,24.));
#3487=CARTESIAN_POINT('',(-75.8725576213165,-8.98025612106912,22.));
#3488=CARTESIAN_POINT('',(-75.8725576213165,-8.98025612106914,23.));
#3489=CARTESIAN_POINT('',(-78.5595633898254,-11.667261889578,22.));
#3490=CARTESIAN_POINT('',(-78.8424061023,-11.9501046020526,22.));
#3491=CARTESIAN_POINT('',(-78.5595633898254,-11.667261889578,24.));
#3492=CARTESIAN_POINT('Origin',(-11.6672618895781,-78.5595633898255,24.));
#3493=CARTESIAN_POINT('',(-11.6672618895781,-78.5595633898255,24.));
#3494=CARTESIAN_POINT('',(-1.17180570802233E-13,-90.2268252794035,24.));
#3495=CARTESIAN_POINT('',(-11.6672618895781,-78.5595633898255,22.));
#3496=CARTESIAN_POINT('',(-1.17180570802233E-13,-90.2268252794035,22.));
#3497=CARTESIAN_POINT('',(-11.6672618895781,-78.5595633898255,24.));
#3498=CARTESIAN_POINT('Origin',(-8.98025612106919,-75.8725576213165,24.));
#3499=CARTESIAN_POINT('',(-8.98025612106919,-75.8725576213165,24.));
#3500=CARTESIAN_POINT('',(-8.98025612106919,-75.8725576213165,24.));
#3501=CARTESIAN_POINT('',(-8.98025612106919,-75.8725576213165,22.));
#3502=CARTESIAN_POINT('',(-8.98025612106919,-75.8725576213165,22.));
#3503=CARTESIAN_POINT('',(-8.98025612106915,-75.8725576213165,23.));
#3504=CARTESIAN_POINT('Origin',(-84.8528137423857,-1.1296519275561E-14,
22.));
#3505=CARTESIAN_POINT('',(1.08468374467889E-30,-84.8528137423857,22.));
#3506=CARTESIAN_POINT('',(-84.8528137423857,-1.1296519275561E-14,22.));
#3507=CARTESIAN_POINT('',(0.,-84.8528137423857,24.));
#3508=CARTESIAN_POINT('',(1.08468374467889E-30,-84.8528137423857,22.));
#3509=CARTESIAN_POINT('',(-84.8528137423857,-1.1296519275561E-14,24.));
#3510=CARTESIAN_POINT('Origin',(-84.8528137423857,-1.1296519275561E-14,
22.));
#3511=CARTESIAN_POINT('',(-84.8528137423857,-1.1296519275561E-14,24.));
#3512=CARTESIAN_POINT('',(-84.8528137423857,-1.1296519275561E-14,24.));
#3513=CARTESIAN_POINT('',(-84.8528137423857,-1.1296519275561E-14,22.));
#3514=CARTESIAN_POINT('',(-84.8528137423857,-1.1296519275561E-14,22.));
#3515=CARTESIAN_POINT('',(-84.8528137423857,-1.1296519275561E-14,22.));
#3516=CARTESIAN_POINT('Origin',(78.5595633898254,11.667261889578,24.));
#3517=CARTESIAN_POINT('',(78.5595633898254,11.667261889578,24.));
#3518=CARTESIAN_POINT('',(75.8725576213165,8.98025612106913,24.));
#3519=CARTESIAN_POINT('',(78.8424061023,11.9501046020526,24.));
#3520=CARTESIAN_POINT('',(75.8725576213165,8.98025612106913,22.));
#3521=CARTESIAN_POINT('',(75.8725576213165,8.98025612106913,23.));
#3522=CARTESIAN_POINT('',(78.5595633898254,11.667261889578,22.));
#3523=CARTESIAN_POINT('',(78.8424061023,11.9501046020526,22.));
#3524=CARTESIAN_POINT('',(78.5595633898254,11.667261889578,24.));
#3525=CARTESIAN_POINT('Origin',(11.667261889578,78.5595633898254,24.));
#3526=CARTESIAN_POINT('',(11.667261889578,78.5595633898254,24.));
#3527=CARTESIAN_POINT('',(6.05591965463503E-14,90.2268252794034,24.));
#3528=CARTESIAN_POINT('',(11.667261889578,78.5595633898254,22.));
#3529=CARTESIAN_POINT('',(6.05591965463503E-14,90.2268252794034,22.));
#3530=CARTESIAN_POINT('',(11.667261889578,78.5595633898254,24.));
#3531=CARTESIAN_POINT('Origin',(8.98025612106916,75.8725576213166,24.));
#3532=CARTESIAN_POINT('',(8.98025612106916,75.8725576213166,24.));
#3533=CARTESIAN_POINT('',(8.98025612106916,75.8725576213166,24.));
#3534=CARTESIAN_POINT('',(8.98025612106916,75.8725576213166,22.));
#3535=CARTESIAN_POINT('',(8.98025612106916,75.8725576213166,22.));
#3536=CARTESIAN_POINT('',(8.98025612106915,75.8725576213165,23.));
#3537=CARTESIAN_POINT('Origin',(84.8528137423857,-2.80331313717852E-14,
22.));
#3538=CARTESIAN_POINT('',(-1.77635683940025E-14,84.8528137423857,22.));
#3539=CARTESIAN_POINT('',(84.8528137423857,-2.80331313717852E-14,22.));
#3540=CARTESIAN_POINT('',(-1.77635683940025E-14,84.8528137423857,24.));
#3541=CARTESIAN_POINT('',(-1.77635683940025E-14,84.8528137423857,22.));
#3542=CARTESIAN_POINT('',(84.8528137423857,-2.80331313717852E-14,24.));
#3543=CARTESIAN_POINT('Origin',(84.8528137423857,-2.80331313717852E-14,
22.));
#3544=CARTESIAN_POINT('',(84.8528137423857,-2.90600876695635E-14,24.));
#3545=CARTESIAN_POINT('',(84.8528137423857,-2.80331313717852E-14,24.));
#3546=CARTESIAN_POINT('',(84.8528137423857,-2.90600876695635E-14,22.));
#3547=CARTESIAN_POINT('',(84.8528137423857,-2.90600876695635E-14,22.));
#3548=CARTESIAN_POINT('',(84.8528137423857,-2.80331313717852E-14,22.));
#3549=CARTESIAN_POINT('Origin',(11.667261889578,-78.5595633898254,24.));
#3550=CARTESIAN_POINT('',(11.667261889578,-78.5595633898254,24.));
#3551=CARTESIAN_POINT('',(8.98025612106912,-75.8725576213165,24.));
#3552=CARTESIAN_POINT('',(11.9501046020526,-78.8424061023,24.));
#3553=CARTESIAN_POINT('',(8.98025612106911,-75.8725576213165,22.));
#3554=CARTESIAN_POINT('',(8.98025612106916,-75.8725576213166,23.));
#3555=CARTESIAN_POINT('',(11.667261889578,-78.5595633898254,22.));
#3556=CARTESIAN_POINT('',(11.9501046020526,-78.8424061023,22.));
#3557=CARTESIAN_POINT('',(11.667261889578,-78.5595633898254,24.));
#3558=CARTESIAN_POINT('Origin',(78.5595633898254,-11.667261889578,24.));
#3559=CARTESIAN_POINT('',(78.5595633898254,-11.667261889578,24.));
#3560=CARTESIAN_POINT('',(90.2268252794034,-1.11022302462516E-14,24.));
#3561=CARTESIAN_POINT('',(78.5595633898254,-11.667261889578,22.));
#3562=CARTESIAN_POINT('',(90.2268252794034,-1.11022302462516E-14,22.));
#3563=CARTESIAN_POINT('',(78.5595633898254,-11.667261889578,24.));
#3564=CARTESIAN_POINT('Origin',(75.8725576213165,-8.98025612106917,24.));
#3565=CARTESIAN_POINT('',(75.8725576213165,-8.98025612106917,24.));
#3566=CARTESIAN_POINT('',(75.8725576213165,-8.98025612106917,24.));
#3567=CARTESIAN_POINT('',(75.8725576213165,-8.98025612106917,22.));
#3568=CARTESIAN_POINT('',(75.8725576213165,-8.98025612106917,22.));
#3569=CARTESIAN_POINT('',(75.8725576213166,-8.98025612106919,23.));
#3570=CARTESIAN_POINT('Origin',(8.88178419700125E-15,-84.8528137423857,
22.));
#3571=CARTESIAN_POINT('',(8.88178419700125E-15,-84.8528137423857,24.));
#3572=CARTESIAN_POINT('',(8.88178419700125E-15,-84.8528137423857,22.));
#3573=CARTESIAN_POINT('Origin',(8.88178419700125E-15,-84.8528137423857,
22.));
#3574=CARTESIAN_POINT('',(8.88178419700125E-15,-84.8528137423857,22.));
#3575=CARTESIAN_POINT('',(8.88178419700125E-15,-84.8528137423857,24.));
#3576=CARTESIAN_POINT('Origin',(-11.667261889578,78.5595633898254,24.));
#3577=CARTESIAN_POINT('',(-11.667261889578,78.5595633898254,24.));
#3578=CARTESIAN_POINT('',(-8.98025612106915,75.8725576213165,24.));
#3579=CARTESIAN_POINT('',(-11.9501046020526,78.8424061023,24.));
#3580=CARTESIAN_POINT('',(-8.98025612106915,75.8725576213165,22.));
#3581=CARTESIAN_POINT('',(-8.98025612106916,75.8725576213165,23.));
#3582=CARTESIAN_POINT('',(-11.667261889578,78.5595633898254,22.));
#3583=CARTESIAN_POINT('',(-11.9501046020526,78.8424061023,22.));
#3584=CARTESIAN_POINT('',(-11.667261889578,78.5595633898254,24.));
#3585=CARTESIAN_POINT('Origin',(-78.5595633898254,11.667261889578,24.));
#3586=CARTESIAN_POINT('',(-78.5595633898254,11.667261889578,24.));
#3587=CARTESIAN_POINT('',(-90.2268252794034,-3.5527136788005E-14,24.));
#3588=CARTESIAN_POINT('',(-78.5595633898254,11.667261889578,22.));
#3589=CARTESIAN_POINT('',(-90.2268252794034,-3.5527136788005E-14,22.));
#3590=CARTESIAN_POINT('',(-78.5595633898254,11.667261889578,24.));
#3591=CARTESIAN_POINT('Origin',(-75.8725576213165,8.98025612106918,24.));
#3592=CARTESIAN_POINT('',(-75.8725576213165,8.98025612106918,24.));
#3593=CARTESIAN_POINT('',(-75.8725576213165,8.98025612106918,24.));
#3594=CARTESIAN_POINT('',(-75.8725576213165,8.98025612106919,22.));
#3595=CARTESIAN_POINT('',(-75.8725576213165,8.98025612106918,22.));
#3596=CARTESIAN_POINT('',(-75.8725576213165,8.98025612106915,23.));
#3597=CARTESIAN_POINT('Origin',(-1.77635683940025E-14,84.8528137423857,
22.));
#3598=CARTESIAN_POINT('',(-1.77635683940025E-14,84.8528137423857,22.));
#3599=CARTESIAN_POINT('',(-1.77635683940025E-14,84.8528137423857,24.));
#3600=CARTESIAN_POINT('Origin',(-1.77635683940025E-14,84.8528137423857,
22.));
#3601=CARTESIAN_POINT('',(-1.77635683940025E-14,84.8528137423857,24.));
#3602=CARTESIAN_POINT('',(-1.77635683940025E-14,84.8528137423857,22.));
#3603=CARTESIAN_POINT('Origin',(74.175144212722,-2.0350583790954E-14,22.));
#3604=CARTESIAN_POINT('',(72.550144212722,-2.05495888958155E-14,24.));
#3605=CARTESIAN_POINT('Origin',(74.175144212722,-2.0350583790954E-14,24.));
#3606=CARTESIAN_POINT('',(72.550144212722,-2.05495888958155E-14,22.));
#3607=CARTESIAN_POINT('',(72.550144212722,-2.05495888958155E-14,22.));
#3608=CARTESIAN_POINT('Origin',(74.175144212722,-2.0350583790954E-14,22.));
#3609=CARTESIAN_POINT('Origin',(-2.5385477229286E-14,-74.175144212722,22.));
#3610=CARTESIAN_POINT('',(-1.62500000000002,-74.175144212722,24.));
#3611=CARTESIAN_POINT('Origin',(-2.5385477229286E-14,-74.175144212722,24.));
#3612=CARTESIAN_POINT('',(-1.62500000000002,-74.175144212722,22.));
#3613=CARTESIAN_POINT('',(-1.62500000000002,-74.175144212722,22.));
#3614=CARTESIAN_POINT('Origin',(-2.5385477229286E-14,-74.175144212722,22.));
#3615=CARTESIAN_POINT('Origin',(-7.55490395465617E-15,74.175144212722,22.));
#3616=CARTESIAN_POINT('',(-1.62500000000001,74.175144212722,24.));
#3617=CARTESIAN_POINT('Origin',(-7.55490395465617E-15,74.175144212722,24.));
#3618=CARTESIAN_POINT('',(-1.625,74.175144212722,22.));
#3619=CARTESIAN_POINT('',(-1.625,74.175144212722,22.));
#3620=CARTESIAN_POINT('Origin',(-7.55490395465617E-15,74.175144212722,22.));
#3621=CARTESIAN_POINT('Origin',(-74.175144212722,6.56382477731613E-15,22.));
#3622=CARTESIAN_POINT('',(-75.800144212722,6.36481967245468E-15,24.));
#3623=CARTESIAN_POINT('Origin',(-74.175144212722,6.56382477731613E-15,24.));
#3624=CARTESIAN_POINT('',(-75.800144212722,6.36481967245468E-15,22.));
#3625=CARTESIAN_POINT('',(-75.800144212722,6.36481967245468E-15,22.));
#3626=CARTESIAN_POINT('Origin',(-74.175144212722,6.56382477731613E-15,22.));
#3627=CARTESIAN_POINT('Origin',(1.08468374467889E-30,6.46704911844154E-15,
24.));
#3628=CARTESIAN_POINT('Origin',(1.08468374467889E-30,6.46704911844154E-15,
22.));
#3629=CARTESIAN_POINT('Ctrl Pts',(17.9605122421382,-66.8923015002474,-12.));
#3630=CARTESIAN_POINT('Ctrl Pts',(4.4973088065418,-53.429098064651,-12.));
#3631=CARTESIAN_POINT('Ctrl Pts',(28.9632034355964,-28.9632034355964,-12.));
#3632=CARTESIAN_POINT('Ctrl Pts',(53.429098064651,-4.49730880654191,-12.));
#3633=CARTESIAN_POINT('Ctrl Pts',(66.8923015002474,-17.9605122421384,-12.));
#3634=CARTESIAN_POINT('Ctrl Pts',(17.9605122421382,-66.8923015002474,-14.));
#3635=CARTESIAN_POINT('Ctrl Pts',(4.4973088065418,-53.429098064651,-14.));
#3636=CARTESIAN_POINT('Ctrl Pts',(28.9632034355964,-28.9632034355964,-14.));
#3637=CARTESIAN_POINT('Ctrl Pts',(53.429098064651,-4.49730880654191,-14.));
#3638=CARTESIAN_POINT('Ctrl Pts',(66.8923015002474,-17.9605122421384,-14.));
#3639=CARTESIAN_POINT('',(17.9605122421382,-66.8923015002474,-12.));
#3640=CARTESIAN_POINT('',(66.8923015002474,-17.9605122421384,-12.));
#3641=CARTESIAN_POINT('Origin',(42.4264068711928,-42.4264068711929,-12.));
#3642=CARTESIAN_POINT('',(17.9605122421382,-66.8923015002474,-14.));
#3643=CARTESIAN_POINT('',(17.9605122421383,-66.8923015002474,-12.));
#3644=CARTESIAN_POINT('',(66.8923015002474,-17.9605122421384,-14.));
#3645=CARTESIAN_POINT('Origin',(42.4264068711928,-42.4264068711929,-14.));
#3646=CARTESIAN_POINT('',(66.8923015002474,-17.9605122421383,-12.));
#3647=CARTESIAN_POINT('Ctrl Pts',(66.8923015002474,17.9605122421382,-12.));
#3648=CARTESIAN_POINT('Ctrl Pts',(53.429098064651,4.49730880654182,-12.));
#3649=CARTESIAN_POINT('Ctrl Pts',(28.9632034355965,28.9632034355964,-12.));
#3650=CARTESIAN_POINT('Ctrl Pts',(4.49730880654193,53.429098064651,-12.));
#3651=CARTESIAN_POINT('Ctrl Pts',(17.9605122421384,66.8923015002474,-12.));
#3652=CARTESIAN_POINT('Ctrl Pts',(66.8923015002474,17.9605122421382,-14.));
#3653=CARTESIAN_POINT('Ctrl Pts',(53.429098064651,4.49730880654182,-14.));
#3654=CARTESIAN_POINT('Ctrl Pts',(28.9632034355965,28.9632034355964,-14.));
#3655=CARTESIAN_POINT('Ctrl Pts',(4.49730880654193,53.429098064651,-14.));
#3656=CARTESIAN_POINT('Ctrl Pts',(17.9605122421384,66.8923015002474,-14.));
#3657=CARTESIAN_POINT('',(66.8923015002474,17.9605122421382,-12.));
#3658=CARTESIAN_POINT('',(17.9605122421384,66.8923015002474,-12.));
#3659=CARTESIAN_POINT('Origin',(42.4264068711929,42.4264068711928,-12.));
#3660=CARTESIAN_POINT('',(66.8923015002474,17.9605122421382,-14.));
#3661=CARTESIAN_POINT('',(66.8923015002474,17.9605122421382,-12.));
#3662=CARTESIAN_POINT('',(17.9605122421384,66.8923015002474,-14.));
#3663=CARTESIAN_POINT('Origin',(42.4264068711929,42.4264068711928,-14.));
#3664=CARTESIAN_POINT('',(17.9605122421383,66.8923015002473,-12.));
#3665=CARTESIAN_POINT('Ctrl Pts',(-66.8923015002474,-17.9605122421382,-12.));
#3666=CARTESIAN_POINT('Ctrl Pts',(-53.429098064651,-4.49730880654172,-12.));
#3667=CARTESIAN_POINT('Ctrl Pts',(-28.9632034355964,-28.9632034355964,-12.));
#3668=CARTESIAN_POINT('Ctrl Pts',(-4.49730880654185,-53.429098064651,-12.));
#3669=CARTESIAN_POINT('Ctrl Pts',(-17.9605122421384,-66.8923015002474,-12.));
#3670=CARTESIAN_POINT('Ctrl Pts',(-66.8923015002474,-17.9605122421382,-14.));
#3671=CARTESIAN_POINT('Ctrl Pts',(-53.429098064651,-4.49730880654172,-14.));
#3672=CARTESIAN_POINT('Ctrl Pts',(-28.9632034355964,-28.9632034355964,-14.));
#3673=CARTESIAN_POINT('Ctrl Pts',(-4.49730880654185,-53.429098064651,-14.));
#3674=CARTESIAN_POINT('Ctrl Pts',(-17.9605122421384,-66.8923015002474,-14.));
#3675=CARTESIAN_POINT('',(-66.8923015002474,-17.9605122421382,-12.));
#3676=CARTESIAN_POINT('',(-17.9605122421384,-66.8923015002474,-12.));
#3677=CARTESIAN_POINT('Origin',(-42.4264068711929,-42.4264068711928,-12.));
#3678=CARTESIAN_POINT('',(-66.8923015002474,-17.9605122421382,-14.));
#3679=CARTESIAN_POINT('',(-66.8923015002475,-17.9605122421383,-12.));
#3680=CARTESIAN_POINT('',(-17.9605122421384,-66.8923015002474,-14.));
#3681=CARTESIAN_POINT('Origin',(-42.4264068711929,-42.4264068711928,-14.));
#3682=CARTESIAN_POINT('',(-17.9605122421384,-66.8923015002474,-12.));
#3683=CARTESIAN_POINT('Ctrl Pts',(-17.9605122421382,66.8923015002474,-12.));
#3684=CARTESIAN_POINT('Ctrl Pts',(-4.4973088065417,53.429098064651,-12.));
#3685=CARTESIAN_POINT('Ctrl Pts',(-28.9632034355964,28.9632034355964,-12.));
#3686=CARTESIAN_POINT('Ctrl Pts',(-53.429098064651,4.49730880654187,-12.));
#3687=CARTESIAN_POINT('Ctrl Pts',(-66.8923015002473,17.9605122421384,-12.));
#3688=CARTESIAN_POINT('Ctrl Pts',(-17.9605122421382,66.8923015002474,-14.));
#3689=CARTESIAN_POINT('Ctrl Pts',(-4.4973088065417,53.429098064651,-14.));
#3690=CARTESIAN_POINT('Ctrl Pts',(-28.9632034355964,28.9632034355964,-14.));
#3691=CARTESIAN_POINT('Ctrl Pts',(-53.429098064651,4.49730880654187,-14.));
#3692=CARTESIAN_POINT('Ctrl Pts',(-66.8923015002473,17.9605122421384,-14.));
#3693=CARTESIAN_POINT('',(-17.9605122421382,66.8923015002474,-12.));
#3694=CARTESIAN_POINT('',(-66.8923015002473,17.9605122421384,-12.));
#3695=CARTESIAN_POINT('Origin',(-42.4264068711928,42.4264068711929,-12.));
#3696=CARTESIAN_POINT('',(-17.9605122421382,66.8923015002474,-14.));
#3697=CARTESIAN_POINT('',(-17.9605122421383,66.8923015002475,-12.));
#3698=CARTESIAN_POINT('',(-66.8923015002473,17.9605122421384,-14.));
#3699=CARTESIAN_POINT('Origin',(-42.4264068711928,42.4264068711929,-14.));
#3700=CARTESIAN_POINT('',(-66.8923015002473,17.9605122421384,-12.));
#3701=CARTESIAN_POINT('Origin',(-3.5527136788005E-14,-84.8528137423857,
-14.));
#3702=CARTESIAN_POINT('',(84.8528137423856,-3.86357612569555E-14,-14.));
#3703=CARTESIAN_POINT('',(-3.5527136788005E-14,-84.8528137423857,-14.));
#3704=CARTESIAN_POINT('',(84.8528137423856,-3.82178402547501E-14,-12.));
#3705=CARTESIAN_POINT('',(84.8528137423856,-3.86357612569555E-14,-14.));
#3706=CARTESIAN_POINT('',(-3.5527136788005E-14,-84.8528137423857,-12.));
#3707=CARTESIAN_POINT('Origin',(-3.5527136788005E-14,-84.8528137423857,
-14.));
#3708=CARTESIAN_POINT('',(-3.5527136788005E-14,-84.8528137423857,-12.));
#3709=CARTESIAN_POINT('',(-3.5527136788005E-14,-84.8528137423857,-12.));
#3710=CARTESIAN_POINT('',(-3.5527136788005E-14,-84.8528137423857,-14.));
#3711=CARTESIAN_POINT('',(-3.5527136788005E-14,-84.8528137423857,-14.));
#3712=CARTESIAN_POINT('',(-3.5527136788005E-14,-84.8528137423857,-14.));
#3713=CARTESIAN_POINT('Origin',(84.8528137423856,-3.86357612569555E-14,
-14.));
#3714=CARTESIAN_POINT('',(-5.32907051820075E-14,84.8528137423857,-14.));
#3715=CARTESIAN_POINT('',(84.8528137423856,-3.86357612569555E-14,-14.));
#3716=CARTESIAN_POINT('',(-5.32907051820075E-14,84.8528137423857,-12.));
#3717=CARTESIAN_POINT('',(-5.32907051820075E-14,84.8528137423857,-14.));
#3718=CARTESIAN_POINT('',(84.8528137423856,-3.82178402547501E-14,-12.));
#3719=CARTESIAN_POINT('Origin',(84.8528137423856,-3.86357612569555E-14,
-14.));
#3720=CARTESIAN_POINT('',(84.8528137423856,-3.82178402547501E-14,-12.));
#3721=CARTESIAN_POINT('',(84.8528137423856,-3.86357612569555E-14,-14.));
#3722=CARTESIAN_POINT('Origin',(-84.8528137423857,-2.03032035628325E-14,
-14.));
#3723=CARTESIAN_POINT('',(-84.8528137423857,-1.97342142627121E-14,-14.));
#3724=CARTESIAN_POINT('',(-84.8528137423857,-1.93162932605068E-14,-12.));
#3725=CARTESIAN_POINT('Origin',(-84.8528137423857,-2.03032035628325E-14,
-14.));
#3726=CARTESIAN_POINT('',(-84.8528137423857,-2.04542718607476E-14,-12.));
#3727=CARTESIAN_POINT('',(-84.8528137423857,-1.93162932605068E-14,-12.));
#3728=CARTESIAN_POINT('',(-84.8528137423857,-2.08721928629529E-14,-14.));
#3729=CARTESIAN_POINT('',(-84.8528137423857,-2.08721928629529E-14,-14.));
#3730=CARTESIAN_POINT('',(-84.8528137423857,-1.97342142627121E-14,-14.));
#3731=CARTESIAN_POINT('Origin',(-3.5527136788005E-14,-2.08721928629529E-14,
-14.));
#3732=CARTESIAN_POINT('',(-5.32907051820075E-14,84.8528137423857,-14.));
#3733=CARTESIAN_POINT('',(-5.32907051820075E-14,84.8528137423857,-14.));
#3734=CARTESIAN_POINT('',(-13.75,15.5,-14.));
#3735=CARTESIAN_POINT('Origin',(-15.5,15.5,-14.));
#3736=CARTESIAN_POINT('',(-13.75,-15.5,-14.));
#3737=CARTESIAN_POINT('Origin',(-15.5,-15.5,-14.));
#3738=CARTESIAN_POINT('',(17.25,15.5,-14.));
#3739=CARTESIAN_POINT('Origin',(15.5,15.5,-14.));
#3740=CARTESIAN_POINT('',(17.25,-15.5,-14.));
#3741=CARTESIAN_POINT('Origin',(15.5,-15.5,-14.));
#3742=CARTESIAN_POINT('',(75.800144212722,-2.85892736732438E-14,-14.));
#3743=CARTESIAN_POINT('Origin',(74.175144212722,-2.87882787781052E-14,-14.));
#3744=CARTESIAN_POINT('',(-72.550144212722,-1.6748651049736E-15,-14.));
#3745=CARTESIAN_POINT('Origin',(-74.175144212722,-1.87387020983505E-15,
-14.));
#3746=CARTESIAN_POINT('',(1.62499999999996,74.175144212722,-14.));
#3747=CARTESIAN_POINT('Origin',(-3.68349039546562E-14,74.175144212722,-14.));
#3748=CARTESIAN_POINT('',(1.62499999999994,-74.175144212722,-14.));
#3749=CARTESIAN_POINT('Origin',(-5.4665477229286E-14,-74.175144212722,-14.));
#3750=CARTESIAN_POINT('',(12.,-1.5280260075111E-15,-14.));
#3751=CARTESIAN_POINT('Origin',(2.174E-14,-2.99760216648793E-15,-14.));
#3752=CARTESIAN_POINT('Origin',(-3.5527136788005E-14,-2.04542718607476E-14,
-12.));
#3753=CARTESIAN_POINT('',(-5.32907051820075E-14,84.8528137423857,-12.));
#3754=CARTESIAN_POINT('',(-5.32907051820075E-14,84.8528137423857,-12.));
#3755=CARTESIAN_POINT('',(-13.75,15.5,-12.));
#3756=CARTESIAN_POINT('Origin',(-15.5,15.5,-12.));
#3757=CARTESIAN_POINT('',(-13.75,-15.5,-12.));
#3758=CARTESIAN_POINT('Origin',(-15.5,-15.5,-12.));
#3759=CARTESIAN_POINT('',(17.25,15.5,-12.));
#3760=CARTESIAN_POINT('Origin',(15.5,15.5,-12.));
#3761=CARTESIAN_POINT('',(17.25,-15.5,-12.));
#3762=CARTESIAN_POINT('Origin',(15.5,-15.5,-12.));
#3763=CARTESIAN_POINT('',(75.800144212722,-2.81713526710384E-14,-12.));
#3764=CARTESIAN_POINT('Origin',(74.175144212722,-2.83703577758999E-14,-12.));
#3765=CARTESIAN_POINT('',(-72.550144212722,-1.25694410276827E-15,-12.));
#3766=CARTESIAN_POINT('Origin',(-74.175144212722,-1.45594920762971E-15,
-12.));
#3767=CARTESIAN_POINT('',(1.62499999999996,74.175144212722,-12.));
#3768=CARTESIAN_POINT('Origin',(-3.68349039546562E-14,74.175144212722,-12.));
#3769=CARTESIAN_POINT('',(1.62499999999994,-74.175144212722,-12.));
#3770=CARTESIAN_POINT('Origin',(-5.4665477229286E-14,-74.175144212722,-12.));
#3771=CARTESIAN_POINT('',(12.,-1.11010500530577E-15,-12.));
#3772=CARTESIAN_POINT('Origin',(2.174E-14,-2.57968116428259E-15,-12.));
#3773=CARTESIAN_POINT('Origin',(-5.32907051820075E-14,84.8528137423857,
-14.));
#3774=CARTESIAN_POINT('Origin',(-5.32907051820075E-14,84.8528137423857,
-14.));
#3775=CARTESIAN_POINT('Origin',(-15.5,15.5,-12.));
#3776=CARTESIAN_POINT('',(-13.75,15.5,-12.));
#3777=CARTESIAN_POINT('Origin',(-15.5,-15.5,-12.));
#3778=CARTESIAN_POINT('',(-13.75,-15.5,-12.));
#3779=CARTESIAN_POINT('Origin',(15.5,15.5,-12.));
#3780=CARTESIAN_POINT('',(17.25,15.5,-12.));
#3781=CARTESIAN_POINT('Origin',(15.5,-15.5,-12.));
#3782=CARTESIAN_POINT('',(17.25,-15.5,-12.));
#3783=CARTESIAN_POINT('Origin',(2.174E-14,-2.99760216648793E-15,-14.));
#3784=CARTESIAN_POINT('',(12.,-1.5280260075111E-15,-14.));
#3785=CARTESIAN_POINT('Origin',(-5.4665477229286E-14,-74.175144212722,-14.));
#3786=CARTESIAN_POINT('',(1.62499999999994,-74.175144212722,-14.));
#3787=CARTESIAN_POINT('Origin',(-3.68349039546562E-14,74.175144212722,-14.));
#3788=CARTESIAN_POINT('',(1.62499999999996,74.175144212722,-14.));
#3789=CARTESIAN_POINT('Origin',(-74.175144212722,-1.87387020983505E-15,
-14.));
#3790=CARTESIAN_POINT('',(-72.550144212722,-1.6748651049736E-15,-14.));
#3791=CARTESIAN_POINT('Origin',(74.175144212722,-2.87882787781052E-14,-14.));
#3792=CARTESIAN_POINT('',(75.800144212722,-2.85892736732438E-14,-14.));
#3793=CARTESIAN_POINT('Origin',(74.175144212722,-3.94464198145067E-14,-64.0000000000001));
#3794=CARTESIAN_POINT('',(75.8001442127219,-3.5527136788005E-14,-66.0000000000001));
#3795=CARTESIAN_POINT('Origin',(74.175144212722,-3.94464198145067E-14,-66.0000000000001));
#3796=CARTESIAN_POINT('',(75.8001442127219,-3.96454249193682E-14,-64.0000000000001));
#3797=CARTESIAN_POINT('',(75.8001442127219,-3.96454249193682E-14,-64.0000000000001));
#3798=CARTESIAN_POINT('Origin',(74.175144212722,-3.94464198145067E-14,-64.0000000000001));
#3799=CARTESIAN_POINT('Origin',(-74.175144212722,-1.25320112462366E-14,
-64.));
#3800=CARTESIAN_POINT('',(-72.550144212722,-8.88178419700125E-15,-66.));
#3801=CARTESIAN_POINT('Origin',(-74.175144212722,-1.25320112462366E-14,
-66.));
#3802=CARTESIAN_POINT('',(-72.550144212722,-1.2731016351098E-14,-64.));
#3803=CARTESIAN_POINT('',(-72.550144212722,-1.2731016351098E-14,-64.));
#3804=CARTESIAN_POINT('Origin',(-74.175144212722,-1.25320112462366E-14,
-64.));
#3805=CARTESIAN_POINT('Origin',(-4.53949039546562E-14,74.175144212722,-64.));
#3806=CARTESIAN_POINT('',(1.62499999999995,74.175144212722,-66.0000000000001));
#3807=CARTESIAN_POINT('Origin',(-4.62275712231251E-14,74.175144212722,-66.0000000000001));
#3808=CARTESIAN_POINT('',(1.62499999999995,74.175144212722,-64.));
#3809=CARTESIAN_POINT('',(1.62499999999995,74.175144212722,-64.));
#3810=CARTESIAN_POINT('Origin',(-4.53949039546562E-14,74.175144212722,-64.));
#3811=CARTESIAN_POINT('Origin',(-6.3225477229286E-14,-74.175144212722,-64.));
#3812=CARTESIAN_POINT('',(1.62499999999993,-74.175144212722,-66.));
#3813=CARTESIAN_POINT('Origin',(-6.40581444977548E-14,-74.175144212722,
-66.));
#3814=CARTESIAN_POINT('',(1.62499999999993,-74.175144212722,-64.));
#3815=CARTESIAN_POINT('',(1.62499999999993,-74.175144212722,-64.));
#3816=CARTESIAN_POINT('Origin',(-6.3225477229286E-14,-74.175144212722,-64.));
#3817=CARTESIAN_POINT('Origin',(-4.59235683940025E-14,84.8528137423857,
-64.));
#3818=CARTESIAN_POINT('',(-4.59235683940025E-14,84.8528137423857,-64.));
#3819=CARTESIAN_POINT('',(84.8528137423856,-4.9737991503207E-14,-64.0000000000001));
#3820=CARTESIAN_POINT('',(-4.59235683940025E-14,84.8528137423857,-64.));
#3821=CARTESIAN_POINT('',(84.8528137423856,-5.32907051820075E-14,-66.0000000000001));
#3822=CARTESIAN_POINT('',(84.8528137423856,-4.9737991503207E-14,-64.0000000000001));
#3823=CARTESIAN_POINT('',(-4.66293670342566E-14,84.8528137423857,-66.0000000000001));
#3824=CARTESIAN_POINT('',(-4.67562356624714E-14,84.8528137423857,-66.0000000000001));
#3825=CARTESIAN_POINT('',(-4.59235683940025E-14,84.8528137423857,-64.));
#3826=CARTESIAN_POINT('Origin',(-84.8528137423857,-3.19744231092045E-14,
-64.));
#3827=CARTESIAN_POINT('',(-84.8528137423857,-3.19744231092045E-14,-64.));
#3828=CARTESIAN_POINT('',(-84.8528137423857,-3.19744231092045E-14,-64.));
#3829=CARTESIAN_POINT('',(-84.8528137423857,-3.5527136788005E-14,-66.));
#3830=CARTESIAN_POINT('',(-84.8528137423857,-3.19744231092045E-14,-66.));
#3831=CARTESIAN_POINT('',(-84.8528137423857,-3.19744231092045E-14,-64.));
#3832=CARTESIAN_POINT('Origin',(-4.18817841970013E-14,-84.8528137423857,
-64.));
#3833=CARTESIAN_POINT('',(-4.59235683940025E-14,-84.8528137423857,-64.));
#3834=CARTESIAN_POINT('',(-3.784E-14,-84.8528137423857,-64.));
#3835=CARTESIAN_POINT('',(-4.66293670342566E-14,-84.8528137423857,-66.));
#3836=CARTESIAN_POINT('',(-3.86726672684689E-14,-84.8528137423857,-66.));
#3837=CARTESIAN_POINT('',(-4.59235683940025E-14,-84.8528137423857,-64.));
#3838=CARTESIAN_POINT('Origin',(84.8528137423856,-4.9737991503207E-14,-64.0000000000001));
#3839=CARTESIAN_POINT('',(84.8528137423856,-4.9737991503207E-14,-64.0000000000001));
#3840=CARTESIAN_POINT('',(84.8528137423856,-4.9737991503207E-14,-66.0000000000001));
#3841=CARTESIAN_POINT('Origin',(-2.89926672684689E-14,-1.4210854715202E-14,
-66.));
#3842=CARTESIAN_POINT('Origin',(-2.816E-14,-1.4210854715202E-14,-64.));
#3843=CARTESIAN_POINT('Origin',(63.4628336114926,-29.8752615051316,6.00000000000001));
#3844=CARTESIAN_POINT('',(60.9879598773397,-32.3501352392846,6.00000000000001));
#3845=CARTESIAN_POINT('Origin',(63.4628336114926,-29.8752615051317,6.00000000000001));
#3846=CARTESIAN_POINT('',(59.5737463149666,-30.9359216769115,6.00000000000001));
#3847=CARTESIAN_POINT('',(60.9879598773397,-32.3501352392845,6.00000000000001));
#3848=CARTESIAN_POINT('Origin',(62.0486200491195,-28.4610479427586,6.00000000000001));
#3849=CARTESIAN_POINT('Origin',(29.8752615051317,-63.4628336114925,6.00000000000021));
#3850=CARTESIAN_POINT('',(27.7539411615721,-65.5841539550522,6.00000000000021));
#3851=CARTESIAN_POINT('Origin',(29.8752615051317,-63.4628336114926,6.00000000000021));
#3852=CARTESIAN_POINT('',(26.339727599199,-64.1699403926791,6.00000000000021));
#3853=CARTESIAN_POINT('',(27.7539411615721,-65.5841539550522,6.00000000000021));
#3854=CARTESIAN_POINT('Origin',(28.4610479427586,-62.0486200491195,6.00000000000021));
#3855=CARTESIAN_POINT('Origin',(75.3068708476681,-15.20279714421,-23.5));
#3856=CARTESIAN_POINT('',(75.4836475429648,-17.8544475736595,-23.5));
#3857=CARTESIAN_POINT('Origin',(76.7210844100412,-16.6170107065831,-23.5));
#3858=CARTESIAN_POINT('',(74.0694339805917,-16.4402340112864,-23.5));
#3859=CARTESIAN_POINT('',(74.0694339805917,-16.4402340112864,-23.5));
#3860=CARTESIAN_POINT('Origin',(75.3068708476681,-15.20279714421,-23.5));
#3861=CARTESIAN_POINT('Origin',(84.676037047089,-5.83363094478903,-53.5));
#3862=CARTESIAN_POINT('',(84.8528137423857,-8.48528137423857,-53.5));
#3863=CARTESIAN_POINT('Origin',(86.0902506094621,-7.24784450716212,-53.5));
#3864=CARTESIAN_POINT('',(83.4386001800126,-7.07106781186549,-53.5));
#3865=CARTESIAN_POINT('',(83.4386001800126,-7.07106781186549,-53.5));
#3866=CARTESIAN_POINT('Origin',(84.676037047089,-5.83363094478903,-53.5));
#3867=CARTESIAN_POINT('Origin',(5.83363094478871,-84.6760370470894,-53.4999999999995));
#3868=CARTESIAN_POINT('',(6.01040764008535,-87.3276874765389,-53.4999999999995));
#3869=CARTESIAN_POINT('Origin',(7.24784450716179,-86.0902506094624,-53.4999999999995));
#3870=CARTESIAN_POINT('',(4.59619407771225,-85.9134739141658,-53.4999999999995));
#3871=CARTESIAN_POINT('',(4.59619407771225,-85.9134739141658,-53.4999999999995));
#3872=CARTESIAN_POINT('Origin',(5.83363094478871,-84.6760370470894,-53.4999999999995));
#3873=CARTESIAN_POINT('Origin',(22.2738622586771,-68.235805733201,-54.5));
#3874=CARTESIAN_POINT('',(22.4506389539737,-70.8874561626506,-54.5));
#3875=CARTESIAN_POINT('Origin',(23.6880758210502,-69.6500192955741,-54.5));
#3876=CARTESIAN_POINT('',(21.0364253916006,-69.4732426002775,-54.5));
#3877=CARTESIAN_POINT('',(21.0364253916006,-69.4732426002775,-54.5));
#3878=CARTESIAN_POINT('Origin',(22.2738622586771,-68.235805733201,-54.5));
#3879=CARTESIAN_POINT('Origin',(75.3068708476681,-15.20279714421,-54.5));
#3880=CARTESIAN_POINT('',(75.4836475429648,-17.8544475736595,-54.5));
#3881=CARTESIAN_POINT('Origin',(76.7210844100412,-16.6170107065831,-54.5));
#3882=CARTESIAN_POINT('',(74.0694339805917,-16.4402340112864,-54.5));
#3883=CARTESIAN_POINT('',(74.0694339805917,-16.4402340112864,-54.5));
#3884=CARTESIAN_POINT('Origin',(75.3068708476681,-15.20279714421,-54.5));
#3885=CARTESIAN_POINT('Origin',(84.676037047089,-5.83363094478903,11.5));
#3886=CARTESIAN_POINT('',(84.8528137423857,-8.48528137423857,11.5));
#3887=CARTESIAN_POINT('Origin',(86.0902506094621,-7.24784450716212,11.5));
#3888=CARTESIAN_POINT('',(83.4386001800126,-7.07106781186549,11.5));
#3889=CARTESIAN_POINT('',(83.4386001800126,-7.07106781186549,11.5));
#3890=CARTESIAN_POINT('Origin',(84.676037047089,-5.83363094478903,11.5));
#3891=CARTESIAN_POINT('Origin',(22.273862258677,-68.235805733201,-23.5));
#3892=CARTESIAN_POINT('',(22.4506389539736,-70.8874561626506,-23.5));
#3893=CARTESIAN_POINT('Origin',(23.6880758210501,-69.6500192955741,-23.5));
#3894=CARTESIAN_POINT('',(21.0364253916005,-69.4732426002775,-23.5));
#3895=CARTESIAN_POINT('',(21.0364253916005,-69.4732426002775,-23.5));
#3896=CARTESIAN_POINT('Origin',(22.273862258677,-68.235805733201,-23.5));
#3897=CARTESIAN_POINT('Origin',(23.3251368330557,-67.1845311588224,-53.0166625976562));
#3898=CARTESIAN_POINT('',(23.3251368330557,-67.1845311588224,-53.0166625976562));
#3899=CARTESIAN_POINT('',(23.3251368330557,-67.1845311588224,-27.0166625976562));
#3900=CARTESIAN_POINT('',(23.3251368330557,-67.1845311588224,-53.0166625976562));
#3901=CARTESIAN_POINT('',(24.7393503954288,-68.5987447211955,-27.0166625976562));
#3902=CARTESIAN_POINT('',(23.3251368330557,-67.1845311588224,-27.0166625976562));
#3903=CARTESIAN_POINT('',(24.7393503954288,-68.5987447211955,-53.0166625976562));
#3904=CARTESIAN_POINT('',(24.7393503954287,-68.5987447211955,-53.0166625976562));
#3905=CARTESIAN_POINT('',(23.3251368330557,-67.1845311588224,-53.0166625976562));
#3906=CARTESIAN_POINT('Origin',(74.2368250784871,-16.2728429133909,-53.0166625976562));
#3907=CARTESIAN_POINT('',(74.2368250784871,-16.2728429133909,-53.0166625976562));
#3908=CARTESIAN_POINT('',(74.2368250784871,-16.2728429133909,-53.0166625976562));
#3909=CARTESIAN_POINT('',(75.6510386408602,-17.687056475764,-53.0166625976562));
#3910=CARTESIAN_POINT('',(75.6510386408602,-17.687056475764,-53.0166625976562));
#3911=CARTESIAN_POINT('',(74.2368250784871,-16.2728429133909,-53.0166625976562));
#3912=CARTESIAN_POINT('Origin',(74.2368250784871,-16.2728429133909,-27.0166625976562));
#3913=CARTESIAN_POINT('',(74.2368250784871,-16.2728429133909,-27.0166625976562));
#3914=CARTESIAN_POINT('',(74.2368250784871,-16.2728429133909,-27.0166625976562));
#3915=CARTESIAN_POINT('',(75.6510386408602,-17.687056475764,-27.0166625976562));
#3916=CARTESIAN_POINT('',(75.6510386408602,-17.687056475764,-27.0166625976562));
#3917=CARTESIAN_POINT('',(74.2368250784871,-16.2728429133909,-27.0166625976562));
#3918=CARTESIAN_POINT('Origin',(23.3251368330557,-67.1845311588224,-27.0166625976562));
#3919=CARTESIAN_POINT('',(23.3251368330557,-67.1845311588224,-27.0166625976562));
#3920=CARTESIAN_POINT('',(24.7393503954288,-68.5987447211955,-27.0166625976562));
#3921=CARTESIAN_POINT('Origin',(5.83363094478912,-84.6760370470889,11.5000000000005));
#3922=CARTESIAN_POINT('',(6.01040764008576,-87.3276874765385,11.5000000000005));
#3923=CARTESIAN_POINT('Origin',(7.2478445071622,-86.090250609462,11.5000000000005));
#3924=CARTESIAN_POINT('',(4.59619407771266,-85.9134739141654,11.5000000000005));
#3925=CARTESIAN_POINT('',(4.59619407771266,-85.9134739141654,11.5000000000005));
#3926=CARTESIAN_POINT('Origin',(5.83363094478912,-84.6760370470889,11.5000000000005));
#3927=CARTESIAN_POINT('Origin',(1.77461540740728E-13,-90.5096679918779,
24.0000000000006));
#3928=CARTESIAN_POINT('',(1.83741910575463E-13,-90.5096679918779,-66.));
#3929=CARTESIAN_POINT('',(1.74860126378462E-13,-90.5096679918779,24.0000000000006));
#3930=CARTESIAN_POINT('',(1.83741910575463E-13,-90.5096679918779,-66.));
#3931=CARTESIAN_POINT('',(1.41421356237328,-91.923881554251,-66.));
#3932=CARTESIAN_POINT('',(1.83741910575463E-13,-90.5096679918779,-66.));
#3933=CARTESIAN_POINT('',(1.41421356237327,-91.923881554251,24.0000000000006));
#3934=CARTESIAN_POINT('',(1.41421356237327,-91.923881554251,-66.));
#3935=CARTESIAN_POINT('',(1.74860126378462E-13,-90.5096679918779,24.0000000000006));
#3936=CARTESIAN_POINT('Origin',(90.509667991878,-1.77635683940025E-14,24.0000000000006));
#3937=CARTESIAN_POINT('',(90.509667991878,-2.38697950294409E-14,24.0000000000006));
#3938=CARTESIAN_POINT('',(1.74860126378462E-13,-90.5096679918779,24.0000000000006));
#3939=CARTESIAN_POINT('',(91.9238815542511,-1.41421356237309,24.0000000000006));
#3940=CARTESIAN_POINT('',(1.41421356237326,-91.923881554251,24.0000000000006));
#3941=CARTESIAN_POINT('',(90.509667991878,-2.38697950294409E-14,24.0000000000006));
#3942=CARTESIAN_POINT('Origin',(90.509667991878,-2.38697950294409E-14,-66.));
#3943=CARTESIAN_POINT('',(90.509667991878,-2.38697950294409E-14,-66.));
#3944=CARTESIAN_POINT('',(90.509667991878,-2.38697950294409E-14,24.0000000000006));
#3945=CARTESIAN_POINT('',(91.9238815542511,-1.41421356237309,-66.));
#3946=CARTESIAN_POINT('',(91.9238815542511,-1.41421356237312,24.0000000000006));
#3947=CARTESIAN_POINT('',(90.509667991878,-2.38697950294409E-14,-66.));
#3948=CARTESIAN_POINT('Origin',(1.77635683940025E-13,-90.5096679918779,
-66.));
#3949=CARTESIAN_POINT('',(90.509667991878,-2.38697950294409E-14,-66.));
#3950=CARTESIAN_POINT('',(91.9238815542511,-1.41421356237312,-66.));
#3951=CARTESIAN_POINT('Origin',(46.6690475583122,-46.669047558312,-20.9999999999997));
#3952=CARTESIAN_POINT('Origin',(45.2548339959391,-45.2548339959389,-20.9999999999997));
#3953=CARTESIAN_POINT('Origin',(-56.5685424949238,33.9411254969543,-55.));
#3954=CARTESIAN_POINT('',(-56.7453191902205,36.5927759264038,-55.));
#3955=CARTESIAN_POINT('Origin',(-57.982756057297,35.3553390593274,-55.));
#3956=CARTESIAN_POINT('',(-55.3311056278474,35.1785623640307,-55.));
#3957=CARTESIAN_POINT('',(-55.3311056278474,35.1785623640307,-55.));
#3958=CARTESIAN_POINT('Origin',(-56.5685424949238,33.9411254969543,-55.));
#3959=CARTESIAN_POINT('Origin',(-84.676037047089,5.83363094478911,11.5000000000005));
#3960=CARTESIAN_POINT('',(-84.8528137423856,8.48528137423865,11.5000000000005));
#3961=CARTESIAN_POINT('Origin',(-86.0902506094621,7.24784450716221,11.5000000000005));
#3962=CARTESIAN_POINT('',(-83.4386001800125,7.07106781186557,11.5000000000005));
#3963=CARTESIAN_POINT('',(-83.4386001800125,7.07106781186557,11.5000000000005));
#3964=CARTESIAN_POINT('Origin',(-84.676037047089,5.83363094478911,11.5000000000005));
#3965=CARTESIAN_POINT('Origin',(-73.5391052434009,16.9705627484772,-49.0000000000002));
#3966=CARTESIAN_POINT('',(-72.1248916810278,21.2132034355965,-49.0000000000002));
#3967=CARTESIAN_POINT('Origin',(-74.953318805774,18.3847763108503,-49.0000000000002));
#3968=CARTESIAN_POINT('',(-70.7106781186547,19.7989898732234,-49.0000000000002));
#3969=CARTESIAN_POINT('',(-70.7106781186547,19.7989898732234,-49.0000000000002));
#3970=CARTESIAN_POINT('Origin',(-73.5391052434009,16.9705627484772,-49.0000000000002));
#3971=CARTESIAN_POINT('Origin',(-84.6760370470894,5.83363094478869,-53.4999999999995));
#3972=CARTESIAN_POINT('',(-84.8528137423861,8.48528137423822,-53.4999999999995));
#3973=CARTESIAN_POINT('Origin',(-86.0902506094625,7.24784450716178,-53.4999999999995));
#3974=CARTESIAN_POINT('',(-83.438600180013,7.07106781186515,-53.4999999999995));
#3975=CARTESIAN_POINT('',(-83.438600180013,7.07106781186515,-53.4999999999995));
#3976=CARTESIAN_POINT('Origin',(-84.6760370470894,5.83363094478869,-53.4999999999995));
#3977=CARTESIAN_POINT('Origin',(-5.83363094478912,84.6760370470891,-53.5));
#3978=CARTESIAN_POINT('',(-6.01040764008576,87.3276874765386,-53.5));
#3979=CARTESIAN_POINT('Origin',(-7.24784450716222,86.0902506094622,-53.5));
#3980=CARTESIAN_POINT('',(-4.59619407771267,85.9134739141655,-53.5));
#3981=CARTESIAN_POINT('',(-4.59619407771267,85.9134739141655,-53.5));
#3982=CARTESIAN_POINT('Origin',(-5.83363094478912,84.6760370470891,-53.5));
#3983=CARTESIAN_POINT('Origin',(-45.2548339959391,45.254833995939,-39.));
#3984=CARTESIAN_POINT('',(-33.2340187157678,60.1040764008565,-39.));
#3985=CARTESIAN_POINT('Origin',(-46.6690475583122,46.6690475583121,-39.));
#3986=CARTESIAN_POINT('',(-31.8198051533947,58.6898628384834,-39.));
#3987=CARTESIAN_POINT('',(-31.8198051533947,58.6898628384834,-39.));
#3988=CARTESIAN_POINT('Origin',(-45.2548339959391,45.254833995939,-39.));
#3989=CARTESIAN_POINT('Origin',(-5.83363094478913,84.6760370470891,11.5));
#3990=CARTESIAN_POINT('',(-6.01040764008576,87.3276874765386,11.5));
#3991=CARTESIAN_POINT('Origin',(-7.24784450716223,86.0902506094622,11.5));
#3992=CARTESIAN_POINT('',(-4.59619407771267,85.9134739141655,11.5));
#3993=CARTESIAN_POINT('',(-4.59619407771267,85.9134739141655,11.5));
#3994=CARTESIAN_POINT('Origin',(-5.83363094478913,84.6760370470891,11.5));
#3995=CARTESIAN_POINT('Origin',(-33.9411254969543,56.5685424949238,-23.));
#3996=CARTESIAN_POINT('',(-34.117902192251,59.2201929243733,-23.));
#3997=CARTESIAN_POINT('Origin',(-35.3553390593274,57.9827560572969,-23.));
#3998=CARTESIAN_POINT('',(-32.7036886298779,57.8059793620003,-23.));
#3999=CARTESIAN_POINT('',(-32.7036886298779,57.8059793620003,-23.));
#4000=CARTESIAN_POINT('Origin',(-33.9411254969543,56.5685424949238,-23.));
#4001=CARTESIAN_POINT('Origin',(-56.5685424949238,33.9411254969543,-23.));
#4002=CARTESIAN_POINT('',(-56.7453191902205,36.5927759264038,-23.));
#4003=CARTESIAN_POINT('Origin',(-57.982756057297,35.3553390593274,-23.));
#4004=CARTESIAN_POINT('',(-55.3311056278474,35.1785623640307,-23.));
#4005=CARTESIAN_POINT('',(-55.3311056278474,35.1785623640307,-23.));
#4006=CARTESIAN_POINT('Origin',(-56.5685424949238,33.9411254969543,-23.));
#4007=CARTESIAN_POINT('Origin',(-33.9411254969543,56.5685424949238,-55.));
#4008=CARTESIAN_POINT('',(-34.117902192251,59.2201929243733,-55.));
#4009=CARTESIAN_POINT('Origin',(-35.3553390593274,57.9827560572969,-55.));
#4010=CARTESIAN_POINT('',(-32.7036886298779,57.8059793620002,-55.));
#4011=CARTESIAN_POINT('',(-32.7036886298779,57.8059793620002,-55.));
#4012=CARTESIAN_POINT('Origin',(-33.9411254969543,56.5685424949238,-55.));
#4013=CARTESIAN_POINT('Origin',(-9.76996261670138E-14,90.5096679918781,
24.0000000000006));
#4014=CARTESIAN_POINT('',(-9.76996261670138E-14,90.5096679918781,24.0000000000006));
#4015=CARTESIAN_POINT('',(-1.15463194561016E-13,90.5096679918781,-66.));
#4016=CARTESIAN_POINT('',(-9.76996261670138E-14,90.5096679918781,24.0000000000006));
#4017=CARTESIAN_POINT('',(-1.41421356237321,91.9238815542512,-66.));
#4018=CARTESIAN_POINT('',(-1.15463194561016E-13,90.5096679918781,-66.));
#4019=CARTESIAN_POINT('',(-1.41421356237319,91.9238815542512,24.0000000000006));
#4020=CARTESIAN_POINT('',(-1.4142135623732,91.9238815542512,24.0000000000006));
#4021=CARTESIAN_POINT('',(-9.76996261670138E-14,90.5096679918781,24.0000000000006));
#4022=CARTESIAN_POINT('Origin',(-90.5096679918779,1.77635683940025E-13,
24.0000000000006));
#4023=CARTESIAN_POINT('',(-90.5096679918779,1.77635683940025E-13,24.0000000000006));
#4024=CARTESIAN_POINT('',(-90.5096679918779,1.77635683940025E-13,24.0000000000006));
#4025=CARTESIAN_POINT('',(-91.9238815542511,1.41421356237326,24.0000000000006));
#4026=CARTESIAN_POINT('',(-91.9238815542511,1.41421356237327,24.0000000000006));
#4027=CARTESIAN_POINT('',(-90.5096679918779,1.77635683940025E-13,24.0000000000006));
#4028=CARTESIAN_POINT('Origin',(-90.5096679918779,1.68753899743024E-13,
-66.));
#4029=CARTESIAN_POINT('',(-90.5096679918779,1.68753899743024E-13,-66.));
#4030=CARTESIAN_POINT('',(-90.5096679918779,1.68753899743024E-13,-66.));
#4031=CARTESIAN_POINT('',(-91.923881554251,1.41421356237325,-66.));
#4032=CARTESIAN_POINT('',(-91.9238815542511,1.41421356237326,-66.));
#4033=CARTESIAN_POINT('',(-90.5096679918779,1.68753899743024E-13,-66.));
#4034=CARTESIAN_POINT('Origin',(-9.54791801177635E-14,90.509667991878,-66.0000000000001));
#4035=CARTESIAN_POINT('',(-2.82842712474626,87.6812408671319,-66.0000000000001));
#4036=CARTESIAN_POINT('',(-4.24264068711936,89.095454429505,-66.0000000000001));
#4037=CARTESIAN_POINT('Origin',(-46.6690475583121,46.6690475583122,-20.9999999999997));
#4038=CARTESIAN_POINT('Origin',(-45.254833995939,45.2548339959391,-20.9999999999997));
#4039=CARTESIAN_POINT('Origin',(5.83363094478899,84.6760370470891,-53.5));
#4040=CARTESIAN_POINT('',(8.48528137423853,84.8528137423857,-53.5));
#4041=CARTESIAN_POINT('Origin',(7.24784450716209,86.0902506094622,-53.5));
#4042=CARTESIAN_POINT('',(7.07106781186545,83.4386001800126,-53.5));
#4043=CARTESIAN_POINT('',(7.07106781186545,83.4386001800126,-53.5));
#4044=CARTESIAN_POINT('Origin',(5.83363094478899,84.6760370470891,-53.5));
#4045=CARTESIAN_POINT('Origin',(5.83363094478901,84.6760370470891,11.5));
#4046=CARTESIAN_POINT('',(8.48528137423854,84.8528137423857,11.5));
#4047=CARTESIAN_POINT('Origin',(7.2478445071621,86.0902506094622,11.5));
#4048=CARTESIAN_POINT('',(7.07106781186547,83.4386001800126,11.5));
#4049=CARTESIAN_POINT('',(7.07106781186547,83.4386001800126,11.5));
#4050=CARTESIAN_POINT('Origin',(5.83363094478901,84.6760370470891,11.5));
#4051=CARTESIAN_POINT('Origin',(84.676037047089,5.833630944789,11.5));
#4052=CARTESIAN_POINT('',(87.3276874765386,6.01040764008563,11.5));
#4053=CARTESIAN_POINT('Origin',(86.0902506094621,7.24784450716209,11.5));
#4054=CARTESIAN_POINT('',(85.9134739141655,4.59619407771254,11.5));
#4055=CARTESIAN_POINT('',(85.9134739141655,4.59619407771254,11.5));
#4056=CARTESIAN_POINT('Origin',(84.676037047089,5.833630944789,11.5));
#4057=CARTESIAN_POINT('Origin',(84.676037047089,5.83363094478899,-53.5));
#4058=CARTESIAN_POINT('',(87.3276874765386,6.01040764008563,-53.5));
#4059=CARTESIAN_POINT('Origin',(86.0902506094621,7.24784450716209,-53.5));
#4060=CARTESIAN_POINT('',(85.9134739141655,4.59619407771253,-53.5));
#4061=CARTESIAN_POINT('',(85.9134739141655,4.59619407771254,-53.5));
#4062=CARTESIAN_POINT('Origin',(84.676037047089,5.83363094478899,-53.5));
#4063=CARTESIAN_POINT('Origin',(90.509667991878,-2.32588919993957E-14,24.));
#4064=CARTESIAN_POINT('',(90.509667991878,-1.77635683940025E-14,-66.));
#4065=CARTESIAN_POINT('',(90.509667991878,-2.66453525910038E-14,24.));
#4066=CARTESIAN_POINT('',(90.509667991878,-1.77635683940025E-14,-66.));
#4067=CARTESIAN_POINT('',(91.9238815542511,1.41421356237308,-66.));
#4068=CARTESIAN_POINT('',(90.509667991878,-1.77635683940025E-14,-66.));
#4069=CARTESIAN_POINT('',(91.9238815542511,1.41421356237307,24.0000000000001));
#4070=CARTESIAN_POINT('',(91.9238815542512,1.41421356237308,-66.));
#4071=CARTESIAN_POINT('',(90.509667991878,-2.66453525910038E-14,24.));
#4072=CARTESIAN_POINT('Origin',(-1.77635683940025E-14,90.5096679918781,
24.));
#4073=CARTESIAN_POINT('',(-8.88178419700125E-15,90.5096679918781,24.));
#4074=CARTESIAN_POINT('',(90.509667991878,-2.66453525910038E-14,24.));
#4075=CARTESIAN_POINT('',(1.41421356237309,91.9238815542512,24.0000000000001));
#4076=CARTESIAN_POINT('',(91.9238815542511,1.41421356237307,24.));
#4077=CARTESIAN_POINT('',(-8.88178419700125E-15,90.5096679918781,24.));
#4078=CARTESIAN_POINT('Origin',(-8.88178419700125E-15,90.5096679918781,
-66.));
#4079=CARTESIAN_POINT('',(-8.88178419700125E-15,90.5096679918781,-66.));
#4080=CARTESIAN_POINT('',(-8.88178419700125E-15,90.5096679918781,24.));
#4081=CARTESIAN_POINT('',(1.41421356237309,91.9238815542512,-66.));
#4082=CARTESIAN_POINT('',(1.41421356237308,91.9238815542512,24.));
#4083=CARTESIAN_POINT('',(-8.88178419700125E-15,90.5096679918781,-66.));
#4084=CARTESIAN_POINT('Origin',(90.509667991878,-1.77635683940025E-14,-66.));
#4085=CARTESIAN_POINT('',(-8.88178419700125E-15,90.5096679918781,-66.));
#4086=CARTESIAN_POINT('',(1.41421356237308,91.9238815542512,-66.));
#4087=CARTESIAN_POINT('Origin',(46.6690475583121,46.6690475583121,-21.));
#4088=CARTESIAN_POINT('Origin',(45.254833995939,45.254833995939,-21.));
#4089=CARTESIAN_POINT('Origin',(-46.6690475583122,-46.6690475583121,-21.));
#4090=CARTESIAN_POINT('',(-60.1040764008566,-33.2340187157677,-21.));
#4091=CARTESIAN_POINT('Origin',(-46.6690475583123,-46.6690475583121,-21.));
#4092=CARTESIAN_POINT('',(-58.6898628384835,-31.8198051533946,-21.));
#4093=CARTESIAN_POINT('',(-60.1040764008567,-33.2340187157677,-21.));
#4094=CARTESIAN_POINT('Origin',(-45.2548339959392,-45.254833995939,-21.));
#4095=CARTESIAN_POINT('Origin',(-70.9157390851977,-22.4223560314266,14.6700000000022));
#4096=CARTESIAN_POINT('',(-72.1531759522742,-21.1849191643502,14.6700000000022));
#4097=CARTESIAN_POINT('Origin',(-70.9157390851977,-22.4223560314266,14.6700000000022));
#4098=CARTESIAN_POINT('',(-70.738962389901,-19.7707056019771,14.6700000000022));
#4099=CARTESIAN_POINT('',(-72.1531759522742,-21.1849191643502,14.6700000000022));
#4100=CARTESIAN_POINT('Origin',(-69.5015255228246,-21.0081424690535,14.6700000000022));
#4101=CARTESIAN_POINT('Origin',(-60.1397425292,-33.1983525874243,3.11329814796949));
#4102=CARTESIAN_POINT('',(-61.2622745443337,-32.0758205722906,3.11329814796949));
#4103=CARTESIAN_POINT('Origin',(-60.1397425292,-33.1983525874243,3.11329814796949));
#4104=CARTESIAN_POINT('',(-59.8480609819606,-30.6616070099176,3.11329814796949));
#4105=CARTESIAN_POINT('',(-61.2622745443336,-32.0758205722906,3.11329814796949));
#4106=CARTESIAN_POINT('Origin',(-58.7255289668269,-31.7841390250512,3.11329814796949));
#4107=CARTESIAN_POINT('Origin',(-24.2184072556391,-69.1196878609853,-12.1100000000017));
#4108=CARTESIAN_POINT('',(-25.3409392707728,-67.9971558458516,-12.1100000000017));
#4109=CARTESIAN_POINT('Origin',(-24.2184072556391,-69.1196878609853,-12.1100000000017));
#4110=CARTESIAN_POINT('',(-23.9267257083997,-66.5829422834785,-12.1100000000017));
#4111=CARTESIAN_POINT('',(-25.3409392707728,-67.9971558458516,-12.1100000000017));
#4112=CARTESIAN_POINT('Origin',(-22.804193693266,-67.7054742986122,-12.1100000000017));
#4113=CARTESIAN_POINT('Origin',(-70.9157390852001,-22.4223560314242,-56.6699999999978));
#4114=CARTESIAN_POINT('',(-72.1531759522766,-21.1849191643477,-56.6699999999978));
#4115=CARTESIAN_POINT('Origin',(-70.9157390852001,-22.4223560314242,-56.6699999999978));
#4116=CARTESIAN_POINT('',(-70.7389623899035,-19.7707056019746,-56.6699999999978));
#4117=CARTESIAN_POINT('',(-72.1531759522766,-21.1849191643477,-56.6699999999978));
#4118=CARTESIAN_POINT('Origin',(-69.501525522827,-21.0081424690511,-56.6699999999978));
#4119=CARTESIAN_POINT('Ctrl Pts',(-21.0081424690525,-72.3299526475719,-18.7070000000019));
#4120=CARTESIAN_POINT('Ctrl Pts',(-18.8868221254928,-74.4512729911316,-18.7070000000021));
#4121=CARTESIAN_POINT('Ctrl Pts',(-18.8868221254931,-74.4512729911313,-26.2070000000021));
#4122=CARTESIAN_POINT('Ctrl Pts',(-18.8868221254934,-74.451272991131,-33.7070000000021));
#4123=CARTESIAN_POINT('Ctrl Pts',(-21.0081424690531,-72.3299526475714,-33.7070000000019));
#4124=CARTESIAN_POINT('Ctrl Pts',(-23.1294628126127,-70.2086323040117,-33.7070000000017));
#4125=CARTESIAN_POINT('Ctrl Pts',(-23.1294628126124,-70.208632304012,-26.2070000000017));
#4126=CARTESIAN_POINT('Ctrl Pts',(-23.1294628126121,-70.2086323040123,-18.7070000000017));
#4127=CARTESIAN_POINT('Ctrl Pts',(-21.0081424690525,-72.3299526475719,-18.7070000000019));
#4128=CARTESIAN_POINT('Ctrl Pts',(-19.5939289066794,-70.9157390851989,-18.7070000000019));
#4129=CARTESIAN_POINT('Ctrl Pts',(-17.4726085631197,-73.0370594287585,-18.7070000000021));
#4130=CARTESIAN_POINT('Ctrl Pts',(-17.47260856312,-73.0370594287582,-26.2070000000021));
#4131=CARTESIAN_POINT('Ctrl Pts',(-17.4726085631203,-73.0370594287579,-33.7070000000021));
#4132=CARTESIAN_POINT('Ctrl Pts',(-19.5939289066799,-70.9157390851983,-33.7070000000019));
#4133=CARTESIAN_POINT('Ctrl Pts',(-21.7152492502396,-68.7944187416386,-33.7070000000017));
#4134=CARTESIAN_POINT('Ctrl Pts',(-21.7152492502393,-68.7944187416389,-26.2070000000017));
#4135=CARTESIAN_POINT('Ctrl Pts',(-21.715249250239,-68.7944187416392,-18.7070000000017));
#4136=CARTESIAN_POINT('Ctrl Pts',(-19.5939289066794,-70.9157390851989,-18.7070000000019));
#4137=CARTESIAN_POINT('',(-21.0081424690524,-72.3299526475719,-18.7070000000019));
#4138=CARTESIAN_POINT('Origin',(-21.0081424690528,-72.3299526475717,-26.2070000000019));
#4139=CARTESIAN_POINT('',(-19.5939289066794,-70.9157390851989,-18.7070000000019));
#4140=CARTESIAN_POINT('',(-21.0081424690524,-72.3299526475719,-18.7070000000019));
#4141=CARTESIAN_POINT('Origin',(-19.5939289066797,-70.9157390851986,-26.2070000000019));
#4142=CARTESIAN_POINT('Origin',(-61.0374573520238,-32.3006377646005,-45.1299999999988));
#4143=CARTESIAN_POINT('',(-62.1599893671574,-31.1781057494669,-45.1299999999988));
#4144=CARTESIAN_POINT('Origin',(-61.0374573520238,-32.3006377646006,-45.1299999999988));
#4145=CARTESIAN_POINT('',(-60.7457758047843,-29.7638921870938,-45.1299999999988));
#4146=CARTESIAN_POINT('',(-62.1599893671574,-31.1781057494669,-45.1299999999988));
#4147=CARTESIAN_POINT('Origin',(-59.6232437896507,-30.8864242022275,-45.1299999999988));
#4148=CARTESIAN_POINT('Origin',(-17.8544462249593,-75.4836488916651,5.66999999999805));
#4149=CARTESIAN_POINT('',(-19.0918830920358,-74.2462120245886,5.66999999999805));
#4150=CARTESIAN_POINT('Origin',(-17.8544462249593,-75.4836488916651,5.66999999999805));
#4151=CARTESIAN_POINT('',(-17.6776695296627,-72.8319984622155,5.66999999999805));
#4152=CARTESIAN_POINT('',(-19.0918830920358,-74.2462120245886,5.66999999999805));
#4153=CARTESIAN_POINT('Origin',(-16.4402326625862,-74.069435329292,5.66999999999805));
#4154=CARTESIAN_POINT('Origin',(-17.8544462249618,-75.4836488916627,-47.6700000000019));
#4155=CARTESIAN_POINT('',(-19.0918830920382,-74.2462120245862,-47.6700000000019));
#4156=CARTESIAN_POINT('Origin',(-17.8544462249618,-75.4836488916627,-47.6700000000019));
#4157=CARTESIAN_POINT('',(-17.6776695296651,-72.8319984622131,-47.6700000000019));
#4158=CARTESIAN_POINT('',(-19.0918830920382,-74.2462120245862,-47.6700000000019));
#4159=CARTESIAN_POINT('Origin',(-16.4402326625887,-74.0694353292896,-47.6700000000019));
#4160=CARTESIAN_POINT('Origin',(-24.2184072556402,-69.1196878609842,-40.0500000000016));
#4161=CARTESIAN_POINT('',(-25.3409392707738,-67.9971558458505,-40.0500000000016));
#4162=CARTESIAN_POINT('Origin',(-24.2184072556402,-69.1196878609842,-40.0500000000016));
#4163=CARTESIAN_POINT('',(-23.9267257084008,-66.5829422834775,-40.0500000000016));
#4164=CARTESIAN_POINT('',(-25.3409392707738,-67.9971558458505,-40.0500000000016));
#4165=CARTESIAN_POINT('Origin',(-22.8041936932671,-67.7054742986111,-40.0500000000016));
#4166=CARTESIAN_POINT('Origin',(-84.6760370470891,-5.83363094478893,-53.5));
#4167=CARTESIAN_POINT('',(-84.8528137423858,-8.48528137423846,-53.5));
#4168=CARTESIAN_POINT('Origin',(-86.0902506094622,-7.24784450716202,-53.5));
#4169=CARTESIAN_POINT('',(-83.4386001800127,-7.07106781186539,-53.5));
#4170=CARTESIAN_POINT('',(-83.4386001800127,-7.07106781186538,-53.5));
#4171=CARTESIAN_POINT('Origin',(-84.6760370470891,-5.83363094478893,-53.5));
#4172=CARTESIAN_POINT('Origin',(-84.6760370470891,-5.83363094478896,11.5));
#4173=CARTESIAN_POINT('',(-84.8528137423858,-8.48528137423848,11.5));
#4174=CARTESIAN_POINT('Origin',(-86.0902506094622,-7.24784450716205,11.5));
#4175=CARTESIAN_POINT('',(-83.4386001800127,-7.07106781186541,11.5));
#4176=CARTESIAN_POINT('',(-83.4386001800127,-7.07106781186542,11.5));
#4177=CARTESIAN_POINT('Origin',(-84.6760370470891,-5.83363094478896,11.5));
#4178=CARTESIAN_POINT('Origin',(-5.83363094478915,-84.676037047089,11.5));
#4179=CARTESIAN_POINT('',(-6.0104076400858,-87.3276874765386,11.5));
#4180=CARTESIAN_POINT('Origin',(-7.24784450716224,-86.0902506094621,11.5));
#4181=CARTESIAN_POINT('',(-4.5961940777127,-85.9134739141655,11.5));
#4182=CARTESIAN_POINT('',(-4.59619407771269,-85.9134739141655,11.5));
#4183=CARTESIAN_POINT('Origin',(-5.83363094478915,-84.676037047089,11.5));
#4184=CARTESIAN_POINT('Origin',(-5.83363094478915,-84.676037047089,-53.5));
#4185=CARTESIAN_POINT('',(-6.0104076400858,-87.3276874765386,-53.5));
#4186=CARTESIAN_POINT('Origin',(-7.24784450716224,-86.0902506094621,-53.5));
#4187=CARTESIAN_POINT('',(-4.5961940777127,-85.9134739141655,-53.5));
#4188=CARTESIAN_POINT('',(-4.59619407771269,-85.9134739141655,-53.5));
#4189=CARTESIAN_POINT('Origin',(-5.83363094478915,-84.676037047089,-53.5));
#4190=CARTESIAN_POINT('Origin',(-1.4210854715202E-13,-90.509667991878,24.));
#4191=CARTESIAN_POINT('',(-1.4210854715202E-13,-90.509667991878,24.));
#4192=CARTESIAN_POINT('',(-90.5096679918782,7.105427357601E-14,24.));
#4193=CARTESIAN_POINT('',(-1.4210854715202E-13,-90.509667991878,24.));
#4194=CARTESIAN_POINT('',(-91.9238815542513,-1.41421356237302,24.0000000000001));
#4195=CARTESIAN_POINT('',(-90.5096679918782,7.105427357601E-14,24.));
#4196=CARTESIAN_POINT('',(-1.41421356237324,-91.9238815542511,24.0000000000001));
#4197=CARTESIAN_POINT('',(-1.41421356237323,-91.9238815542512,24.));
#4198=CARTESIAN_POINT('',(-1.4210854715202E-13,-90.509667991878,24.));
#4199=CARTESIAN_POINT('Origin',(-1.4210854715202E-13,-90.5096679918781,
-66.));
#4200=CARTESIAN_POINT('',(-1.4210854715202E-13,-90.5096679918781,-66.));
#4201=CARTESIAN_POINT('',(-1.4210854715202E-13,-90.5096679918781,-66.));
#4202=CARTESIAN_POINT('',(-1.41421356237324,-91.9238815542512,-66.));
#4203=CARTESIAN_POINT('',(-1.41421356237323,-91.9238815542512,-66.));
#4204=CARTESIAN_POINT('',(-1.4210854715202E-13,-90.5096679918781,-66.));
#4205=CARTESIAN_POINT('Origin',(-90.5096679918782,7.105427357601E-14,-66.));
#4206=CARTESIAN_POINT('',(-90.5096679918782,7.105427357601E-14,-66.));
#4207=CARTESIAN_POINT('',(-90.5096679918782,7.105427357601E-14,-66.));
#4208=CARTESIAN_POINT('',(-91.9238815542513,-1.41421356237302,-66.));
#4209=CARTESIAN_POINT('',(-91.9238815542513,-1.41421356237302,-66.));
#4210=CARTESIAN_POINT('',(-90.5096679918782,7.105427357601E-14,-66.));
#4211=CARTESIAN_POINT('Origin',(-90.5096679918782,7.105427357601E-14,24.));
#4212=CARTESIAN_POINT('',(-90.5096679918782,7.105427357601E-14,24.));
#4213=CARTESIAN_POINT('',(-91.9238815542513,-1.41421356237302,24.));
#4214=CARTESIAN_POINT('Origin',(-46.6690475583122,-46.6690475583121,-21.));
#4215=CARTESIAN_POINT('Origin',(-45.2548339959392,-45.254833995939,-21.));
#4216=CARTESIAN_POINT('',(0.,0.,0.));
#4217=UNCERTAINTY_MEASURE_WITH_UNIT(LENGTH_MEASURE(0.01),#4223,
'DISTANCE_ACCURACY_VALUE',
'Maximum model space distance between geometric entities at asserted c
onnectivities');
#4218=UNCERTAINTY_MEASURE_WITH_UNIT(LENGTH_MEASURE(0.01),#4223,
'DISTANCE_ACCURACY_VALUE',
'Maximum model space distance between geometric entities at asserted c
onnectivities');
#4219=UNCERTAINTY_MEASURE_WITH_UNIT(LENGTH_MEASURE(0.01),#4223,
'DISTANCE_ACCURACY_VALUE',
'Maximum model space distance between geometric entities at asserted c
onnectivities');
#4220=(
GEOMETRIC_REPRESENTATION_CONTEXT(3)
GLOBAL_UNCERTAINTY_ASSIGNED_CONTEXT((#4217))
GLOBAL_UNIT_ASSIGNED_CONTEXT((#4223,#4225,#4226))
REPRESENTATION_CONTEXT('','3D')
);
#4221=(
GEOMETRIC_REPRESENTATION_CONTEXT(3)
GLOBAL_UNCERTAINTY_ASSIGNED_CONTEXT((#4218))
GLOBAL_UNIT_ASSIGNED_CONTEXT((#4223,#4225,#4226))
REPRESENTATION_CONTEXT('','3D')
);
#4222=(
GEOMETRIC_REPRESENTATION_CONTEXT(3)
GLOBAL_UNCERTAINTY_ASSIGNED_CONTEXT((#4219))
GLOBAL_UNIT_ASSIGNED_CONTEXT((#4223,#4225,#4226))
REPRESENTATION_CONTEXT('','3D')
);
#4223=(
LENGTH_UNIT()
NAMED_UNIT(*)
SI_UNIT(.MILLI.,.METRE.)
);
#4224=(
LENGTH_UNIT()
NAMED_UNIT(*)
SI_UNIT($,.METRE.)
);
#4225=(
NAMED_UNIT(*)
PLANE_ANGLE_UNIT()
SI_UNIT($,.RADIAN.)
);
#4226=(
NAMED_UNIT(*)
SI_UNIT($,.STERADIAN.)
SOLID_ANGLE_UNIT()
);
#4227=SHAPE_DEFINITION_REPRESENTATION(#4229,#4232);
#4228=SHAPE_DEFINITION_REPRESENTATION(#4230,#4233);
#4229=PRODUCT_DEFINITION_SHAPE('',$,#4235);
#4230=PRODUCT_DEFINITION_SHAPE('',$,#4236);
#4231=PRODUCT_DEFINITION_SHAPE($,$,#14);
#4232=SHAPE_REPRESENTATION('',(#2543,#2783),#4220);
#4233=SHAPE_REPRESENTATION('',(#2544),#4221);
#4234=PRODUCT_DEFINITION_CONTEXT('part definition',#4242,'design');
#4235=PRODUCT_DEFINITION('Magnetr\X\FChrer','Magnetr\X\FChrer v14',#4237,
#4234);
#4236=PRODUCT_DEFINITION('Geh\X\E4use','Geh\X\E4use',#4238,#4234);
#4237=PRODUCT_DEFINITION_FORMATION('',$,#4244);
#4238=PRODUCT_DEFINITION_FORMATION('',$,#4245);
#4239=PRODUCT_RELATED_PRODUCT_CATEGORY('Magnetr\X\FChrer v14',
'Magnetr\X\FChrer v14',(#4244));
#4240=PRODUCT_RELATED_PRODUCT_CATEGORY('Geh\X\E4use','Geh\X\E4use',(#4245));
#4241=APPLICATION_PROTOCOL_DEFINITION('international standard',
'automotive_design',2009,#4242);
#4242=APPLICATION_CONTEXT(
'Core Data for Automotive Mechanical Design Process');
#4243=PRODUCT_CONTEXT('part definition',#4242,'mechanical');
#4244=PRODUCT('Magnetr\X\FChrer','Magnetr\X\FChrer v14',$,(#4243));
#4245=PRODUCT('Geh\X\E4use','Geh\X\E4use',$,(#4243));
#4246=PRESENTATION_STYLE_ASSIGNMENT((#4252));
#4247=PRESENTATION_STYLE_ASSIGNMENT((#4253));
#4248=PRESENTATION_STYLE_ASSIGNMENT((#4254));
#4249=PRESENTATION_STYLE_ASSIGNMENT((#4255));
#4250=PRESENTATION_STYLE_ASSIGNMENT((#4256));
#4251=PRESENTATION_STYLE_ASSIGNMENT((#4257));
#4252=SURFACE_STYLE_USAGE(.BOTH.,#4258);
#4253=SURFACE_STYLE_USAGE(.BOTH.,#4259);
#4254=SURFACE_STYLE_USAGE(.BOTH.,#4260);
#4255=SURFACE_STYLE_USAGE(.BOTH.,#4261);
#4256=SURFACE_STYLE_USAGE(.BOTH.,#4262);
#4257=SURFACE_STYLE_USAGE(.BOTH.,#4263);
#4258=SURFACE_SIDE_STYLE('',(#4264));
#4259=SURFACE_SIDE_STYLE('',(#4265));
#4260=SURFACE_SIDE_STYLE('',(#4266));
#4261=SURFACE_SIDE_STYLE('',(#4267));
#4262=SURFACE_SIDE_STYLE('',(#4268));
#4263=SURFACE_SIDE_STYLE('',(#4269));
#4264=SURFACE_STYLE_FILL_AREA(#4270);
#4265=SURFACE_STYLE_FILL_AREA(#4271);
#4266=SURFACE_STYLE_FILL_AREA(#4272);
#4267=SURFACE_STYLE_FILL_AREA(#4273);
#4268=SURFACE_STYLE_FILL_AREA(#4274);
#4269=SURFACE_STYLE_FILL_AREA(#4275);
#4270=FILL_AREA_STYLE('Stahl - satiniert',(#4276));
#4271=FILL_AREA_STYLE('Opaque(177,25,25)',(#4277));
#4272=FILL_AREA_STYLE('Opaque(202,209,238)',(#4278));
#4273=FILL_AREA_STYLE('Glas - Fenster',(#4279));
#4274=FILL_AREA_STYLE('ABS (Wei\X\DF)',(#4280));
#4275=FILL_AREA_STYLE('ABS (Wei\X\DF)',(#4281));
#4276=FILL_AREA_STYLE_COLOUR('Stahl - satiniert',#4282);
#4277=FILL_AREA_STYLE_COLOUR('Opaque(177,25,25)',#4283);
#4278=FILL_AREA_STYLE_COLOUR('Opaque(202,209,238)',#4284);
#4279=FILL_AREA_STYLE_COLOUR('Glas - Fenster',#4285);
#4280=FILL_AREA_STYLE_COLOUR('ABS (Wei\X\DF)',#4286);
#4281=FILL_AREA_STYLE_COLOUR('ABS (Wei\X\DF)',#4287);
#4282=COLOUR_RGB('Stahl - satiniert',0.627450980392157,0.627450980392157,
0.627450980392157);
#4283=COLOUR_RGB('Opaque(177,25,25)',0.694117647058824,0.0980392156862745,
0.0980392156862745);
#4284=COLOUR_RGB('Opaque(202,209,238)',0.792156862745098,0.819607843137255,
0.933333333333333);
#4285=COLOUR_RGB('Glas - Fenster',0.423529411764706,0.768627450980392,0.854901960784314);
#4286=COLOUR_RGB('ABS (Wei\X\DF)',1.,0.,0.);
#4287=COLOUR_RGB('ABS (Wei\X\DF)',0.,0.,0.);
ENDSEC;
END-ISO-10303-21;
